"DATA SOURCE: US Census Bureau QuickFacts, https://www.census.gov/quickfacts/fact/table/US/PST045218",,,,,,,,,
City,State,2018 Population,Population Change (2010-2018 est) - weighted 40%,In Civilian Labor Force - weighted 10%,Median Household Income - weighted 10%,Persons Without Health Insurance - weighted 15%,Median Commute Time - weighted 15%,Percent in Poverty - weighted 10%,WEIGHTED Z-SCORE
Gary,Indiana,"75,282",-6.30%,51.10%,"$29,293.00",15.60%,27,35.80%,-1.313482013
Port Arthur,Texas,"55,018",1.20%,53.50%,"$32,571.00",33.40%,22.7,30.70%,-1.262623204
Detroit,Michigan,"672,662",-5.80%,53.60%,"$27,838.00",13.80%,26.4,37.90%,-1.223281011
Passaic,New Jersey,"69,948",0.20%,58.70%,"$34,920.00",27.00%,26.8,33.10%,-1.174955454
Newark,New Jersey,"282,090",1.80%,61.90%,"$34,826.00",23.30%,35.5,28.30%,-1.138656358
Pine Bluff,Arkansas,"42,271",-13.80%,52.40%,"$32,498.00",11.00%,18.1,30.40%,-1.138494894
Flint,Michigan,"95,943",-6.10%,51.20%,"$26,330.00",10.20%,22.9,41.20%,-1.137139618
Camden,New Jersey,"73,973",-4.00%,56.70%,"$26,105.00",16.50%,24.1,37.40%,-1.115457644
Warren,Ohio,"38,382",-7.70%,49.10%,"$29,241.00",10.40%,20.4,34.60%,-1.078486102
Huntington Park,California,"58,173",0.10%,62.90%,"$38,106.00",23.90%,31.4,28.00%,-1.074274423
New Brunswick,New Jersey,"56,100",2.90%,54.20%,"$38,413.00",23.50%,26.1,35.50%,-1.055939044
Brownsville,Texas,"183,392",4.90%,56.10%,"$35,636.00",35.20%,20.1,31.40%,-1.055131887
Hialeah,Florida,"238,942",6.30%,56.40%,"$31,012.00",31.50%,25.7,25.90%,-1.005240441
Bell Gardens,California,"42,331",0.70%,63.40%,"$39,008.00",23.20%,29.6,29.70%,-0.995102994
Union City,New Jersey,"68,520",3.10%,68.60%,"$43,424.00",30.30%,33,23.00%,-0.989855983
Cicero,Illinois,"81,597",-3.10%,65.90%,"$44,110.00",22.80%,31.3,19.80%,-0.986095726
Trenton,New Jersey,"83,974",-1.20%,59.80%,"$35,524.00",22.60%,24.8,27.30%,-0.970946459
Albany,Georgia,"75,249",-2.80%,57.70%,"$31,843.00",21.50%,18.3,33.20%,-0.953994085
Paterson,New Jersey,"145,627",-0.40%,57.50%,"$36,106.00",21.30%,23.9,29.00%,-0.940875821
Huntsville,Texas,"41,521",7.70%,39.00%,"$32,715.00",19.00%,22.6,34.40%,-0.938247094
Lynwood,California,"70,504",1.10%,60.10%,"$45,839.00",21.70%,31.7,22.70%,-0.937492104
El Monte,California,"115,586",1.80%,58.50%,"$43,504.00",22.20%,30.7,22.60%,-0.93418427
Hammond,Indiana,"75,795",-6.20%,61.40%,"$44,427.00",16.90%,26.7,22.20%,-0.931820992
Huntington,West Virginia,"46,048",-6.40%,51.30%,"$30,359.00",11.40%,17.9,32.50%,-0.923491533
North Miami,Florida,"62,996",7.50%,64.80%,"$39,723.00",33.20%,30.9,22.70%,-0.922911734
Youngstown,Ohio,"64,958",-3.00%,51.00%,"$26,295.00",11.30%,19.4,36.80%,-0.909637391
Cleveland,Ohio,"383,793",-3.20%,58.90%,"$27,854.00",11.90%,24.1,35.20%,-0.897345912
Miami Gardens,Florida,"113,069",5.50%,60.60%,"$41,139.00",26.60%,31.3,21.50%,-0.888008782
West New York,New Jersey,"52,990",6.60%,69.40%,"$50,477.00",28.60%,37.2,21.90%,-0.86919205
Plainfield,New Jersey,"50,693",2.00%,70.10%,"$56,425.00",30.10%,30.9,20.90%,-0.861854593
Saginaw,Michigan,"48,323",-6.10%,54.90%,"$29,809.00",10.40%,18.3,33.60%,-0.852879327
Jackson,Mississippi,"164,422",-5.30%,62.20%,"$35,308.00",17.10%,20.5,28.90%,-0.8491331
North Miami Beach,Florida,"45,887",7.90%,65.00%,"$40,316.00",31.90%,31.4,19.70%,-0.845966877
Fort Pierce,Florida,"46,071",9.80%,52.50%,"$28,025.00",23.80%,24.5,35.80%,-0.845395963
Anderson,Indiana,"55,037",-2.00%,56.10%,"$34,693.00",15.80%,23.7,25.80%,-0.845391917
Palmdale,California,"156,667",2.60%,58.80%,"$56,699.00",11.90%,42.7,18.60%,-0.843955831
Hallandale Beach,Florida,"39,940",7.60%,59.60%,"$36,072.00",29.30%,28.8,20.10%,-0.836463929
Reading,Pennsylvania,"88,495",0.50%,61.90%,"$28,755.00",15.60%,24.8,36.60%,-0.836327066
Harlingen,Texas,"65,436",0.80%,56.40%,"$38,122.00",24.90%,16.8,29.80%,-0.821415692
Montebello,California,"62,632",0.20%,60.50%,"$50,312.00",19.00%,33.7,13.80%,-0.820452591
Compton,California,"96,617",0.20%,60.40%,"$48,117.00",17.60%,30.3,23.00%,-0.817658483
San Bernardino,California,"215,941",3.00%,57.20%,"$41,027.00",17.00%,27.8,30.60%,-0.80998371
Mansfield,Ohio,"46,560",-2.70%,48.10%,"$34,219.00",12.40%,19.9,23.80%,-0.796485963
Hemet,California,"85,275",8.50%,48.90%,"$37,171.00",15.10%,34.3,23.20%,-0.795755944
Shreveport,Louisiana,"188,987",-5.70%,58.20%,"$37,390.00",14.70%,19.2,25.70%,-0.787546173
Danville,Virginia,"40,693",-5.50%,55.80%,"$34,951.00",13.80%,20.1,21.50%,-0.781265073
Macon-Bibb County,Georgia,"153,095",-1.70%,56.30%,"$38,247.00",16.60%,21.1,26.70%,-0.778187032
Pasadena,Texas,"153,219",2.60%,65.10%,"$50,207.00",28.90%,26.1,19.30%,-0.775314785
St. Louis,Missouri,"302,838",-5.10%,64.90%,"$38,664.00",14.80%,24.1,25.00%,-0.770338598
Lancaster,California,"159,053",1.50%,51.00%,"$49,314.00",9.70%,32,23.30%,-0.767708365
East Orange,New Jersey,"64,457",0.40%,66.90%,"$41,819.00",16.20%,34.4,19.10%,-0.754630101
Belleville,Illinois,"41,290",-6.80%,61.10%,"$42,406.00",12.20%,25.1,17.90%,-0.754268577
Rocky Mount,North Carolina,"54,242",-6.00%,59.10%,"$37,607.00",14.00%,20.3,22.40%,-0.753879944
Dayton,Ohio,"140,640",-1.00%,56.60%,"$30,128.00",12.80%,20.6,32.70%,-0.745574638
National City,California,"61,431",4.90%,54.90%,"$43,168.00",19.70%,27.4,22.70%,-0.732211896
Pontiac,Michigan,"59,772",0.20%,62.60%,"$31,401.00",16.20%,21.7,34.10%,-0.727871723
Monroe,Louisiana,"47,877",-2.10%,56.50%,"$29,014.00",15.40%,14.3,34.80%,-0.719357937
Birmingham,Alabama,"209,880",-1.00%,60.10%,"$33,770.00",15.90%,21.5,28.10%,-0.718296373
Hesperia,California,"95,274",5.70%,56.40%,"$49,726.00",12.40%,37.2,22.50%,-0.716279375
Inglewood,California,"109,419",-0.20%,67.20%,"$46,389.00",18.40%,30.4,20.10%,-0.714708755
Paramount,California,"54,387",0.50%,62.90%,"$49,064.00",18.40%,29,20.30%,-0.714465643
La Puente,California,"39,908",0.20%,63.40%,"$60,019.00",18.90%,31.2,18.00%,-0.711002441
Mobile,Alabama,"189,572",-2.60%,57.10%,"$40,020.00",14.70%,21.9,22.40%,-0.71083197
Baltimore,Maryland,"602,495",-3.00%,61.40%,"$46,641.00",9.00%,30.7,22.40%,-0.709199379
Binghamton,New York,"44,785",-5.50%,55.00%,"$31,103.00",7.30%,17,33.30%,-0.706372011
Victorville,California,"122,312",5.50%,54.70%,"$47,895.00",12.40%,34.7,23.30%,-0.704335244
York,Pennsylvania,"44,118",0.70%,61.70%,"$29,834.00",14.10%,21.9,35.80%,-0.703485159
Mission,Texas,"84,827",9.20%,57.70%,"$45,792.00",33.00%,20.8,24.30%,-0.701008578
Bullhead City,Arizona,"40,421",2.20%,46.10%,"$38,983.00",18.30%,19,19.30%,-0.700770657
Decatur,Alabama,"54,264",-2.70%,56.80%,"$43,176.00",15.80%,20.9,21.80%,-0.700102791
New York,New York,"8,398,748",2.70%,63.50%,"$57,782.00",11.10%,40.8,19.60%,-0.698654028
Hartford,Connecticut,"122,587",-1.70%,61.50%,"$33,841.00",12.20%,23,30.50%,-0.694066838
Valdosta,Georgia,"56,426",3.00%,58.90%,"$31,701.00",20.80%,18.4,32.20%,-0.693173183
Laredo,Texas,"261,639",11.00%,58.30%,"$41,302.00",31.50%,21.2,30.60%,-0.69252374
Philadelphia,Pennsylvania,"1,584,138",3.80%,59.60%,"$40,649.00",12.00%,32.9,25.80%,-0.690257743
Chicago,Illinois,"2,705,994",0.40%,66.30%,"$52,497.00",14.20%,34.6,20.60%,-0.689093598
Pharr,Texas,"79,707",13.10%,57.80%,"$39,445.00",35.20%,20.3,29.40%,-0.688176269
Hattiesburg,Mississippi,"45,951",0.40%,63.00%,"$32,009.00",18.90%,17.5,34.70%,-0.677182613
Waukegan,Illinois,"86,792",-2.60%,70.50%,"$48,551.00",21.10%,26.2,17.80%,-0.66971992
Hempstead,New York,"55,255",2.30%,67.00%,"$58,476.00",20.40%,32.1,20.20%,-0.668597742
Muncie,Indiana,"68,529",-2.40%,59.20%,"$32,372.00",12.80%,18.9,29.90%,-0.665538287
Baton Rouge,Louisiana,"221,599",-3.40%,63.40%,"$40,948.00",14.60%,21.4,26.00%,-0.658565798
Pomona,California,"152,361",2.20%,63.10%,"$53,281.00",18.00%,30.2,20.70%,-0.655561988
Canton,Ohio,"70,458",-3.50%,62.40%,"$30,837.00",10.30%,20.3,31.70%,-0.654002191
State College,Pennsylvania,"42,352",0.90%,46.40%,"$33,735.00",5.00%,16.4,43.70%,-0.652614869
Dearborn,Michigan,"94,333",-3.90%,56.20%,"$50,329.00",9.70%,20.7,29.10%,-0.649119581
Augusta-Richmond County,Georgia,"196,939",0.60%,55.90%,"$39,258.00",16.50%,20.2,24.40%,-0.641636472
Mesquite,Texas,"142,816",2.30%,69.40%,"$52,167.00",23.40%,31.3,14.30%,-0.641433952
Monterey Park,California,"60,401",0.30%,56.20%,"$55,117.00",12.40%,30.6,15.80%,-0.64126777
Homestead,Florida,"70,477",16.00%,64.40%,"$43,150.00",26.50%,36.9,27.10%,-0.639498048
Memphis,Tennessee,"650,618",-0.20%,63.50%,"$38,230.00",17.30%,21.7,26.90%,-0.638594073
Sumter,South Carolina,"39,656",-2.10%,54.80%,"$38,562.00",14.10%,19.3,20.80%,-0.634592011
Baldwin Park,California,"75,813",0.60%,62.60%,"$57,209.00",17.20%,30.9,14.90%,-0.633585606
Dearborn Heights,Michigan,"55,616",-3.70%,56.90%,"$47,794.00",10.80%,23.6,19.20%,-0.626459384
Perth Amboy,New Jersey,"51,928",2.20%,62.70%,"$50,883.00",22.90%,23.7,20.50%,-0.625360638
Bridgeport,Connecticut,"144,900",0.50%,67.80%,"$44,841.00",17.70%,28.4,20.80%,-0.623859666
Lawton,Oklahoma,"92,859",-4.10%,54.60%,"$44,335.00",16.70%,14.9,19.20%,-0.617798971
Berwyn,Illinois,"54,917",-3.10%,67.90%,"$59,801.00",14.40%,32.6,12.80%,-0.617789073
Waterbury,Connecticut,"108,093",-2.00%,61.10%,"$40,879.00",11.40%,24.2,24.30%,-0.616822641
Roswell,New Mexico,"47,635",-1.60%,57.40%,"$42,417.00",16.70%,19,21.00%,-0.616427551
Alexandria,Louisiana,"46,776",-2.40%,55.90%,"$36,997.00",14.50%,17.6,22.10%,-0.61556727
Galveston,Texas,"50,457",5.70%,57.30%,"$42,486.00",24.70%,20.6,22.60%,-0.613908818
Elizabeth,New Jersey,"128,885",3.10%,69.10%,"$45,186.00",25.30%,26.4,18.10%,-0.613908503
Bayonne,New Jersey,"65,083",3.30%,62.10%,"$56,701.00",14.70%,35.3,15.70%,-0.605631242
Toledo,Ohio,"274,975",-4.30%,61.50%,"$35,808.00",10.30%,19.9,26.50%,-0.603332878
Beaumont,Texas,"118,428",1.00%,60.30%,"$45,268.00",23.40%,18.5,19.70%,-0.601698552
Wilkes-Barre,Pennsylvania,"40,806",-1.70%,56.10%,"$32,484.00",10.70%,18.1,28.60%,-0.600733421
Rosemead,California,"54,412",1.20%,58.30%,"$50,074.00",13.40%,28.8,18.00%,-0.600314988
Lauderhill,Florida,"72,094",7.70%,64.00%,"$38,805.00",20.90%,29.4,24.30%,-0.598622647
Norwalk,California,"105,120",-0.40%,61.70%,"$63,669.00",15.70%,30.5,13.90%,-0.595819512
Erie,Pennsylvania,"96,471",-5.20%,58.80%,"$35,802.00",9.30%,17.4,26.80%,-0.594216467
Elkhart,Indiana,"52,367",0.80%,63.20%,"$37,121.00",19.90%,19.2,24.80%,-0.58729113
Oak Lawn,Illinois,"55,511",-2.10%,62.20%,"$61,398.00",9.40%,35.6,9.90%,-0.584999072
McAllen,Texas,"143,433",9.00%,60.70%,"$45,057.00",30.50%,19.9,25.20%,-0.5848927
North Lauderdale,Florida,"44,391",8.00%,72.10%,"$41,841.00",27.50%,29,23.30%,-0.584752037
Calexico,California,"40,139",4.10%,55.90%,"$38,015.00",16.40%,22.4,25.30%,-0.58393159
Euclid,Ohio,"46,946",-4.00%,62.50%,"$37,141.00",7.90%,24.8,21.90%,-0.581408072
Porterville,California,"59,988",3.20%,56.30%,"$39,909.00",13.30%,22.3,30.10%,-0.577890753
Harrisburg,Pennsylvania,"49,229",-0.60%,64.80%,"$35,300.00",14.70%,20.3,29.90%,-0.577672123
Syracuse,New York,"142,749",-1.70%,56.40%,"$34,716.00",8.10%,18.4,32.60%,-0.575270821
Terre Haute,Indiana,"60,753",-0.10%,55.30%,"$34,746.00",13.40%,17.8,26.00%,-0.574784359
El Paso,Texas,"682,669",5.30%,59.30%,"$44,431.00",23.10%,22.7,20.30%,-0.573071591
Bellflower,California,"77,131",0.70%,62.70%,"$52,944.00",15.20%,30,14.80%,-0.571388739
Pico Rivera,California,"62,888",-0.10%,61.70%,"$61,586.00",15.80%,30.9,10.60%,-0.567416331
East Lansing,Michigan,"47,988",-1.20%,54.00%,"$37,433.00",5.50%,15.6,42.50%,-0.563977347
Biloxi,Mississippi,"45,968",3.90%,55.60%,"$43,632.00",20.40%,19.4,22.70%,-0.56350966
Montgomery,Alabama,"198,218",-3.50%,60.70%,"$44,339.00",13.40%,19.4,22.10%,-0.562221546
Hamilton,Ohio,"62,174",-0.20%,59.70%,"$42,360.00",11.90%,25.4,20.20%,-0.562080527
Utica,New York,"60,100",-3.40%,57.30%,"$33,873.00",7.60%,17.4,30.40%,-0.561309265
Lompoc,California,"42,760",0.80%,59.70%,"$49,074.00",15.00%,24.6,20.80%,-0.56060161
Haltom City,Texas,"44,339",4.60%,67.80%,"$46,618.00",26.70%,25.2,16.60%,-0.560131759
Gulfport,Mississippi,"71,870",6.00%,60.20%,"$37,243.00",22.30%,21.2,24.90%,-0.559875728
Los Banos,California,"40,074",11.40%,60.90%,"$46,994.00",12.30%,42.1,21.70%,-0.55916058
Rochester,New York,"206,284",-2.10%,62.20%,"$32,347.00",8.20%,20.1,33.10%,-0.556842923
Norfolk,Virginia,"244,076",0.50%,56.60%,"$47,137.00",15.40%,21.2,21.00%,-0.555628773
Woonsocket,Rhode Island,"41,603",1.00%,59.90%,"$38,340.00",10.70%,25.5,24.40%,-0.554876212
Buffalo,New York,"256,304",-1.90%,59.40%,"$34,268.00",7.10%,20.9,30.90%,-0.554071519
San Jacinto,California,"48,867",10.50%,57.00%,"$48,025.00",16.10%,36.2,18.20%,-0.553279947
Charleston,West Virginia,"47,215",-8.00%,59.30%,"$45,797.00",9.60%,16.2,20.70%,-0.547392767
Allentown,Pennsylvania,"121,433",2.80%,62.50%,"$38,522.00",15.20%,23.6,27.30%,-0.544212907
Mount Vernon,New York,"67,593",0.40%,66.30%,"$54,573.00",11.30%,34.8,14.80%,-0.541207959
Kearny,New Jersey,"41,422",1.70%,64.50%,"$63,271.00",18.60%,31.1,11.70%,-0.536661966
DeKalb,Illinois,"42,611",-3.40%,66.50%,"$41,009.00",9.90%,21.1,30.80%,-0.536249728
Wichita Falls,Texas,"104,576",-0.10%,54.10%,"$44,285.00",18.40%,14.6,20.90%,-0.534730505
Deltona,Florida,"91,951",8.00%,57.40%,"$46,121.00",16.70%,32.5,15.60%,-0.534462682
Gardena,California,"59,721",1.50%,61.10%,"$50,807.00",15.10%,28,15.60%,-0.532778673
Lorain,Ohio,"64,028",-0.10%,58.80%,"$36,139.00",9.70%,22.5,25.40%,-0.531528674
Longview,Texas,"81,647",1.50%,61.40%,"$45,692.00",22.70%,18.6,18.30%,-0.530863058
Hagerstown,Maryland,"40,205",1.10%,63.40%,"$40,761.00",10.70%,26,27.20%,-0.528652257
Santa Ana,California,"332,725",2.40%,67.40%,"$57,151.00",22.50%,25.1,19.50%,-0.525871661
Springfield,Ohio,"59,282",-2.10%,59.30%,"$34,887.00",9.40%,19.6,25.60%,-0.521313938
Evansville,Indiana,"117,963",-1.80%,61.60%,"$36,956.00",13.70%,18.7,23.30%,-0.521176904
Rockford,Illinois,"146,526",-4.40%,62.60%,"$41,991.00",10.00%,20.6,22.20%,-0.519977673
Portsmouth,Virginia,"94,632",-0.90%,61.50%,"$48,727.00",14.00%,24.1,17.70%,-0.518892481
Independence,Missouri,"116,925",0.10%,61.40%,"$46,268.00",15.00%,24.8,16.00%,-0.518102489
Wilson,North Carolina,"49,329",0.30%,59.30%,"$41,037.00",15.30%,19.3,22.80%,-0.514443563
Niagara Falls,New York,"48,144",-4.00%,58.90%,"$33,965.00",6.40%,18.3,27.50%,-0.514369799
Yonkers,New York,"199,663",1.90%,63.10%,"$62,399.00",11.30%,34.3,16.40%,-0.510451388
Yuba City,California,"66,992",2.10%,58.60%,"$51,037.00",14.50%,26.1,17.60%,-0.510284646
Providence,Rhode Island,"179,335",0.80%,62.80%,"$40,366.00",12.50%,22.8,26.90%,-0.510012896
Milwaukee,Wisconsin,"592,025",-0.40%,65.00%,"$38,289.00",12.00%,22.4,27.40%,-0.509584309
Middletown,Ohio,"48,861",0.40%,60.80%,"$39,116.00",11.90%,22.4,24.10%,-0.504300645
Texas City,Texas,"49,153",9.00%,57.00%,"$42,882.00",21.80%,24,22.00%,-0.503148365
Akron,Ohio,"198,006",-0.60%,62.30%,"$36,223.00",11.80%,21.5,24.10%,-0.502934535
Altoona,Pennsylvania,"43,702",-5.00%,58.70%,"$38,592.00",7.50%,18,23.20%,-0.502476062
Weslaco,Texas,"41,171",12.00%,57.50%,"$37,558.00",25.40%,22.2,26.10%,-0.501949124
Fort Smith,Arkansas,"87,845",1.80%,58.30%,"$36,532.00",17.20%,16.3,25.80%,-0.501896126
Miami Beach,Florida,"91,718",4.50%,69.40%,"$50,193.00",24.50%,26.6,16.60%,-0.501591338
Deerfield Beach,Florida,"80,863",7.80%,62.50%,"$44,142.00",25.70%,24.3,17.30%,-0.500906881
Columbus,Georgia,"194,160",1.90%,56.80%,"$43,239.00",15.60%,20,21.70%,-0.500099524
Taylor,Michigan,"61,148",-3.10%,59.30%,"$44,435.00",8.90%,22.1,19.80%,-0.498562354
Covington,Kentucky,"40,366",-0.30%,64.30%,"$38,346.00",12.80%,22.1,24.70%,-0.497444348
Daytona Beach,Florida,"68,866",11.80%,52.40%,"$30,137.00",22.10%,19.4,28.10%,-0.494055366
Long Beach,California,"467,354",1.10%,65.90%,"$58,314.00",13.20%,30.4,19.10%,-0.490230123
Lakewood,Washington,"60,538",5.20%,55.70%,"$47,636.00",12.80%,28.1,19.30%,-0.488948032
South Bend,Indiana,"101,860",0.60%,64.40%,"$37,441.00",15.60%,19.9,25.40%,-0.488882538
Kansas City,Kansas,"152,958",4.90%,65.30%,"$41,671.00",22.90%,21.5,22.30%,-0.487393434
Pompano Beach,Florida,"111,954",12.10%,59.50%,"$44,756.00",26.50%,25.4,21.10%,-0.484530533
Rialto,California,"103,440",4.40%,63.70%,"$54,962.00",15.20%,31.4,17.90%,-0.483047963
Stonecrest,Georgia,"54,522",8.60%,69.50%,"$46,108.00",18.90%,36.1,17.40%,-0.482412739
Garland,Texas,"242,507",6.90%,68.80%,"$55,637.00",26.10%,28.6,15.70%,-0.481174629
Duncanville,Texas,"39,364",2.20%,64.90%,"$53,222.00",17.00%,27.9,15.80%,-0.480972882
Greenacres,Florida,"41,084",9.20%,65.60%,"$46,681.00",26.90%,27.3,16.10%,-0.480952652
San Gabriel,California,"40,335",1.70%,62.00%,"$55,939.00",15.40%,28.5,13.30%,-0.480527954
Los Angeles,California,"3,990,456",5.20%,66.30%,"$54,501.00",17.20%,30.9,20.40%,-0.480187751
Decatur,Illinois,"71,290",-6.40%,60.10%,"$41,977.00",8.20%,16.5,22.00%,-0.479761473
Lake Havasu City,Arizona,"55,090",4.90%,47.40%,"$47,424.00",17.70%,20.8,11.40%,-0.47849552
Apple Valley,California,"73,508",6.30%,52.10%,"$50,907.00",8.00%,32.7,18.10%,-0.477389767
New Haven,Connecticut,"130,418",0.40%,63.60%,"$39,191.00",11.40%,22.9,25.60%,-0.475545391
Florence,Alabama,"40,428",2.30%,55.00%,"$37,843.00",14.10%,18.6,22.20%,-0.470517481
Alhambra,California,"84,649",1.80%,60.80%,"$55,401.00",11.70%,30.1,15.10%,-0.468342564
Freeport,New York,"43,044",0.50%,64.20%,"$71,184.00",13.80%,32.2,12.60%,-0.467606565
Westminster,California,"90,938",1.50%,59.90%,"$57,575.00",12.40%,27.6,17.60%,-0.467145335
Baytown,Texas,"77,024",7.50%,63.30%,"$51,874.00",25.30%,24.8,17.30%,-0.466932313
Wilmington,Delaware,"70,635",-0.30%,59.80%,"$40,221.00",7.90%,22,27.00%,-0.464089106
Hawthorne,California,"86,965",3.20%,69.50%,"$47,636.00",18.20%,28.8,17.00%,-0.460849773
Tucson,Arizona,"545,975",3.70%,60.90%,"$39,617.00",15.30%,22.2,24.10%,-0.46020152
Newport News,Virginia,"178,626",-1.30%,61.90%,"$51,082.00",13.50%,23,16.40%,-0.459198761
Lancaster,Pennsylvania,"59,420",0.10%,66.10%,"$40,805.00",13.50%,21.2,26.50%,-0.457542016
Kingsport,Tennessee,"54,076",2.00%,53.30%,"$39,135.00",13.10%,18.8,20.00%,-0.457459777
Vineland,New Jersey,"59,966",-1.30%,61.50%,"$51,113.00",13.60%,22.5,16.50%,-0.456393857
Marietta,Georgia,"60,806",7.40%,70.20%,"$50,963.00",24.60%,28.3,19.00%,-0.453707689
Troy,New York,"49,374",-1.60%,61.30%,"$40,911.00",6.80%,22.3,26.10%,-0.452863901
Titusville,Florida,"46,497",6.60%,53.70%,"$42,561.00",15.80%,24.5,17.20%,-0.450400616
Hampton,Virginia,"134,313",-2.20%,61.10%,"$52,021.00",12.80%,22.4,14.90%,-0.449939282
Kokomo,Indiana,"57,869",-0.30%,58.40%,"$41,366.00",13.10%,18.7,20.40%,-0.449356393
Farmington,New Mexico,"44,788",-2.60%,61.30%,"$55,179.00",16.30%,18.1,16.80%,-0.446794253
Jersey City,New Jersey,"265,549",7.20%,67.90%,"$62,739.00",15.90%,36.8,18.70%,-0.44380555
Warren,Michigan,"134,587",0.40%,60.20%,"$45,611.00",10.10%,24.7,19.40%,-0.443075057
Miami,Florida,"470,914",17.90%,61.80%,"$33,999.00",27.80%,28.1,25.80%,-0.440596664
Antioch,California,"111,535",8.60%,63.40%,"$69,925.00",9.20%,45.4,14.60%,-0.440153018
Savannah,Georgia,"145,862",6.50%,61.80%,"$39,386.00",21.10%,20.2,24.00%,-0.437397714
Merced,California,"83,316",5.50%,57.90%,"$40,704.00",10.90%,23.6,30.20%,-0.436651108
Westland,Michigan,"81,720",-2.90%,64.00%,"$46,230.00",8.90%,25.7,14.60%,-0.436463223
Downey,California,"112,269",0.40%,65.90%,"$68,162.00",15.80%,30.2,10.70%,-0.432224536
Skokie,Illinois,"63,280",-2.40%,62.20%,"$70,544.00",10.70%,29.6,9.80%,-0.429899718
Hackensack,New Jersey,"44,522",3.50%,67.30%,"$59,277.00",16.70%,31.3,14.30%,-0.429238952
Montclair,California,"39,437",7.60%,62.70%,"$54,192.00",17.10%,31,18.20%,-0.426740223
El Cajon,California,"103,241",3.70%,62.50%,"$49,445.00",12.60%,26.7,23.00%,-0.425281292
Elyria,Ohio,"53,881",-1.20%,63.00%,"$42,067.00",10.00%,21.8,22.10%,-0.42507983
Cathedral City,California,"54,902",7.10%,59.50%,"$43,384.00",21.60%,20.8,20.70%,-0.424631515
Jackson,Tennessee,"66,903",0.10%,58.20%,"$40,398.00",11.80%,17.3,24.70%,-0.424046599
Pittsburgh,Pennsylvania,"301,048",-1.40%,62.90%,"$44,092.00",7.90%,23.8,22.00%,-0.422651531
Schenectady,New York,"65,575",-0.90%,60.40%,"$43,174.00",8.90%,22.2,21.00%,-0.421654927
Largo,Florida,"84,996",7.10%,58.00%,"$41,008.00",19.50%,23.9,15.10%,-0.420590954
Ocala,Florida,"60,429",6.80%,54.50%,"$39,238.00",17.90%,19.9,20.30%,-0.414846747
Battle Creek,Michigan,"51,247",-2.20%,59.70%,"$39,679.00",8.70%,18.5,22.60%,-0.414096875
Jacksonville,North Carolina,"72,896",3.90%,35.60%,"$41,549.00",8.60%,16,14.00%,-0.4117622
Clearwater,Florida,"116,478",6.80%,58.80%,"$45,631.00",19.30%,24.2,15.90%,-0.410003358
Stockton,California,"311,178",6.70%,59.20%,"$48,396.00",11.90%,29,22.40%,-0.409564738
Moreno Valley,California,"209,050",8.10%,63.80%,"$59,827.00",16.10%,34.3,16.80%,-0.408834877
Sarasota,Florida,"57,738",10.80%,54.90%,"$45,073.00",25.00%,20.4,18.60%,-0.408498561
West Covina,California,"106,311",0.20%,64.70%,"$74,551.00",11.20%,34,10.00%,-0.404761338
Buena Park,California,"82,421",2.20%,63.30%,"$71,005.00",13.80%,30.3,15.40%,-0.404547976
Houston,Texas,"2,325,502",11.10%,67.70%,"$49,399.00",26.40%,27,21.20%,-0.404255271
Cincinnati,Ohio,"302,605",1.90%,65.70%,"$36,429.00",10.50%,22.6,28.70%,-0.403843201
Roseville,Michigan,"47,377",0.10%,63.00%,"$43,341.00",10.40%,24.7,17.60%,-0.403529261
Garden Grove,California,"172,646",1.00%,63.70%,"$62,675.00",13.30%,27.7,15.80%,-0.403275369
Richmond,California,"110,146",6.70%,65.70%,"$61,045.00",15.30%,34.7,15.70%,-0.400138776
Madera,California,"65,706",7.00%,60.20%,"$40,731.00",13.90%,24.3,26.90%,-0.398047648
Colton,California,"54,741",5.00%,62.10%,"$47,256.00",15.00%,26.6,18.30%,-0.395947156
Whittier,California,"86,064",0.90%,62.90%,"$69,058.00",10.00%,32.7,12.10%,-0.394065739
Apache Junction,Arizona,"41,739",16.80%,43.90%,"$39,119.00",17.50%,26.6,20.40%,-0.389984347
Racine,Wisconsin,"77,432",-1.80%,64.30%,"$42,590.00",10.50%,21,20.00%,-0.389717475
Escondido,California,"152,213",5.70%,65.40%,"$58,834.00",19.50%,27.9,16.30%,-0.388214813
Dallas,Texas,"1,345,047",12.30%,68.30%,"$47,285.00",27.30%,26.8,21.80%,-0.384349814
Vallejo,California,"121,913",5.20%,62.60%,"$62,272.00",10.60%,34.8,15.40%,-0.380748189
Tulsa,Oklahoma,"400,669",2.20%,65.80%,"$44,577.00",19.80%,18.4,20.00%,-0.377577586
Cleveland Heights,Ohio,"44,373",-4.10%,62.80%,"$55,339.00",6.20%,23.3,18.70%,-0.377482487
Roanoke,Virginia,"99,920",3.10%,63.60%,"$41,483.00",15.90%,20.8,21.60%,-0.377455194
Springfield,Massachusetts,"155,032",1.20%,58.40%,"$37,118.00",5.10%,21.3,28.70%,-0.376527393
New Bedford,Massachusetts,"95,315",0.30%,62.30%,"$40,626.00",6.00%,24.8,23.10%,-0.3763113
Scranton,Pennsylvania,"77,182",1.40%,55.90%,"$38,683.00",8.40%,19.3,23.60%,-0.374485294
Yakima,Washington,"93,884",2.90%,61.70%,"$42,092.00",18.80%,17,20.40%,-0.373914361
Gresham,Oregon,"110,158",4.30%,65.30%,"$50,675.00",12.20%,29.3,20.00%,-0.372709699
El Centro,California,"44,120",3.60%,56.10%,"$43,581.00",12.70%,18.4,24.90%,-0.369942755
Fayetteville,North Carolina,"209,468",4.40%,51.80%,"$43,439.00",13.20%,18.7,19.30%,-0.36620095
Covina,California,"47,963",0.40%,65.30%,"$68,311.00",10.00%,33.7,9.10%,-0.365899129
Lancaster,Ohio,"40,414",4.30%,58.10%,"$40,235.00",8.60%,26,19.60%,-0.356388088
Springfield,Missouri,"168,122",5.40%,61.50%,"$34,775.00",17.00%,17.7,25.70%,-0.353769929
Perris,California,"79,133",15.40%,63.70%,"$54,657.00",18.00%,37.4,21.20%,-0.346864668
Fall River,Massachusetts,"89,661",0.90%,59.50%,"$39,328.00",5.90%,23.9,20.20%,-0.345731492
Pueblo,Colorado,"111,750",4.90%,54.80%,"$36,280.00",11.30%,18.8,24.40%,-0.345017883
Salinas,California,"156,259",3.70%,63.60%,"$54,864.00",17.40%,23.2,17.20%,-0.343819625
Clovis,New Mexico,"38,680",2.30%,58.60%,"$40,576.00",15.50%,14.2,24.20%,-0.342610893
Hollywood,Florida,"154,823",10.00%,64.90%,"$50,019.00",21.80%,28.5,15.20%,-0.338514112
Urbana,Illinois,"42,046",0.90%,57.30%,"$34,273.00",6.30%,15.6,31.90%,-0.338411812
Ogden,Utah,"87,325",5.40%,64.10%,"$43,361.00",18.90%,20.3,21.40%,-0.336940581
Bloomington,Indiana,"84,981",5.80%,57.60%,"$33,172.00",10.00%,16.1,37.50%,-0.33242525
Highland,California,"55,406",4.30%,62.50%,"$55,130.00",13.00%,25.9,20.10%,-0.332089931
Sierra Vista,Arizona,"44,420",-1.90%,50.20%,"$58,839.00",7.50%,17.9,14.20%,-0.328708656
Hurst,Texas,"38,992",4.40%,68.30%,"$58,871.00",22.70%,25.1,10.70%,-0.328599578
Carson City,Nevada,"55,414",0.30%,59.40%,"$49,341.00",14.10%,18.5,14.70%,-0.326607268
Gainesville,Florida,"133,857",7.70%,56.50%,"$34,004.00",12.10%,17.7,33.60%,-0.325655325
New Britain,Connecticut,"72,453",-1.00%,61.90%,"$43,611.00",7.80%,19.7,22.70%,-0.325120417
Palm Springs,California,"48,375",8.60%,51.50%,"$48,126.00",16.60%,20.7,18.50%,-0.32490336
Pawtucket,Rhode Island,"71,847",1.00%,68.40%,"$44,909.00",11.70%,24.3,20.00%,-0.324648914
Peoria,Illinois,"111,388",-3.20%,61.80%,"$47,697.00",8.30%,17.5,20.90%,-0.323193376
Hickory,North Carolina,"40,925",2.30%,63.30%,"$44,366.00",15.60%,19.8,17.80%,-0.31953404
Pensacola,Florida,"52,713",1.40%,61.60%,"$46,569.00",13.60%,19.9,17.50%,-0.319226788
Burlington,North Carolina,"53,748",5.70%,63.10%,"$39,344.00",17.90%,20.1,20.50%,-0.318917331
Blacksburg,Virginia,"44,678",5.10%,52.20%,"$39,910.00",5.40%,13.9,43.70%,-0.317718098
Holyoke,Massachusetts,"40,358",1.20%,57.20%,"$37,954.00",3.60%,19.8,28.60%,-0.313986597
Melbourne,Florida,"82,826",8.60%,55.10%,"$43,159.00",17.40%,21.7,16.70%,-0.311964799
Hutchinson,Kansas,"40,623",-3.70%,61.30%,"$45,514.00",10.10%,15.8,16.70%,-0.310686862
St. Joseph,Missouri,"75,959",-1.10%,62.40%,"$45,762.00",12.90%,16.4,18.80%,-0.307744094
New Rochelle,New York,"78,742",2.10%,65.30%,"$77,320.00",12.20%,32.1,11.20%,-0.302385802
Evanston,Illinois,"74,106",-0.50%,61.70%,"$74,901.00",6.00%,30.8,13.30%,-0.302087216
Albany,New York,"97,279",-0.60%,62.30%,"$43,790.00",8.00%,18.6,24.50%,-0.300786906
Anaheim,California,"352,005",4.60%,67.20%,"$65,313.00",16.30%,28.5,16.00%,-0.300131884
Bethlehem,Pennsylvania,"75,790",1.10%,60.60%,"$51,880.00",9.60%,23.6,15.80%,-0.297617199
Topeka,Kansas,"125,904",-1.40%,62.90%,"$46,087.00",12.80%,17,16.70%,-0.296932529
Mishawaka,Indiana,"49,931",3.40%,65.80%,"$39,821.00",15.60%,20.8,18.80%,-0.295711382
Sanford,Florida,"60,035",11.40%,63.40%,"$42,025.00",18.60%,27.1,20.70%,-0.295304685
Knoxville,Tennessee,"187,500",5.20%,63.20%,"$36,331.00",13.30%,19.7,26.50%,-0.293298154
Parma,Ohio,"78,751",-3.50%,65.60%,"$52,611.00",7.90%,24.9,9.30%,-0.293088775
Tamarac,Florida,"66,054",9.60%,60.70%,"$45,474.00",16.90%,29.4,11.10%,-0.2928704
Palm Bay,Florida,"114,194",9.80%,57.10%,"$45,811.00",17.00%,25.1,15.60%,-0.288075681
La Mirada,California,"48,683",0.30%,58.70%,"$87,400.00",8.60%,31.8,7.30%,-0.287307696
Dothan,Alabama,"68,247",3.80%,58.40%,"$43,316.00",12.90%,19.1,19.70%,-0.286241262
Bradenton,Florida,"57,644",17.00%,53.10%,"$42,902.00",23.80%,24.6,17.20%,-0.282016353
Fresno,California,"530,093",6.60%,61.50%,"$44,853.00",12.40%,21.6,28.40%,-0.281585877
Joliet,Illinois,"148,099",0.50%,69.60%,"$63,359.00",10.60%,30.6,12.00%,-0.281423957
Carson,California,"91,909",0.20%,63.50%,"$75,517.00",12.20%,27.4,10.60%,-0.280233014
Fullerton,California,"139,640",3.30%,65.30%,"$71,660.00",12.60%,29.8,14.90%,-0.277807017
Oakland Park,Florida,"45,339",9.80%,71.40%,"$48,390.00",25.10%,25.2,18.10%,-0.277241882
Kenosha,Wisconsin,"100,164",0.80%,66.10%,"$50,256.00",9.80%,23.9,19.00%,-0.275499965
Bremerton,Washington,"41,235",8.90%,53.00%,"$48,757.00",10.70%,26.2,18.10%,-0.274564059
Pinellas Park,Florida,"53,098",7.60%,58.00%,"$42,106.00",17.00%,21.6,15.20%,-0.274247417
Glendale,California,"201,361",5.00%,62.20%,"$58,657.00",12.10%,27.9,15.60%,-0.270816432
Kalamazoo,Michigan,"76,545",3.10%,65.10%,"$37,438.00",10.20%,18.2,31.00%,-0.269698284
Enid,Oklahoma,"49,585",0.40%,61.40%,"$48,853.00",16.60%,15.3,14.40%,-0.268056273
Fort Lauderdale,Florida,"182,595",10.20%,65.60%,"$52,315.00",20.40%,26.4,19.30%,-0.267643355
Jefferson City,Missouri,"42,838",-0.70%,58.20%,"$48,132.00",11.80%,15.7,15.60%,-0.267626919
Oxnard,California,"209,877",6.00%,68.10%,"$64,837.00",20.60%,25.7,15.60%,-0.267196483
Winston-Salem,North Carolina,"246,328",7.30%,61.10%,"$42,219.00",15.50%,20.6,23.30%,-0.265872483
Diamond Bar,California,"56,275",1.30%,60.90%,"$94,531.00",8.30%,35.8,6.20%,-0.265720144
Columbia,South Carolina,"133,451",2.30%,57.00%,"$43,650.00",11.70%,15.2,22.30%,-0.261874622
Abilene,Texas,"122,999",4.70%,57.50%,"$46,093.00",17.50%,15.7,17.70%,-0.259995013
Waco,Texas,"138,183",10.70%,59.70%,"$36,004.00",19.50%,17.7,26.80%,-0.259808103
Tyler,Texas,"105,729",9.10%,61.30%,"$46,463.00",20.60%,20.1,20.20%,-0.257038193
Margate,Florida,"58,656",10.40%,66.00%,"$43,782.00",20.70%,28.2,11.70%,-0.255189858
Aurora,Illinois,"199,602",0.90%,71.80%,"$66,848.00",13.50%,28.8,13.10%,-0.254435053
Modesto,California,"215,030",5.90%,59.90%,"$54,024.00",10.20%,27.3,17.00%,-0.249295461
Lakewood,Ohio,"50,100",-3.90%,74.00%,"$48,701.00",9.30%,23.5,14.60%,-0.247769882
Oceanside,California,"176,080",5.20%,60.60%,"$61,778.00",11.90%,28.2,12.90%,-0.246503535
Santa Maria,California,"107,408",7.80%,65.80%,"$55,485.00",22.80%,20.8,18.60%,-0.244822162
Joplin,Missouri,"50,657",-0.30%,65.20%,"$41,063.00",13.10%,16.3,17.90%,-0.244095982
Redding,California,"91,772",2.10%,55.90%,"$46,389.00",10.40%,16.8,18.90%,-0.243237095
Malden,Massachusetts,"61,036",2.70%,68.50%,"$62,361.00",5.50%,34.4,15.90%,-0.239256512
Santa Fe,New Mexico,"84,612",4.60%,62.20%,"$53,922.00",18.70%,19.1,15.10%,-0.23867871
Burbank,California,"103,695",0.30%,67.40%,"$69,118.00",11.40%,27.8,11.30%,-0.238440952
Lafayette,Louisiana,"126,143",3.70%,65.70%,"$48,533.00",14.80%,21.1,19.10%,-0.238388671
Lancaster,Texas,"39,477",7.70%,71.40%,"$51,628.00",16.00%,30.6,17.10%,-0.237307337
La Habra,California,"62,183",3.20%,67.50%,"$72,178.00",13.00%,30.3,12.50%,-0.236888273
Upland,California,"77,000",4.50%,63.90%,"$65,349.00",9.80%,31.1,14.00%,-0.23683034
Cutler Bay,Florida,"44,867",11.40%,68.40%,"$70,473.00",14.70%,41.6,10.00%,-0.236384117
Arlington,Texas,"398,112",9.00%,69.00%,"$55,562.00",20.90%,27.2,16.10%,-0.235878759
North Little Rock,Arkansas,"66,127",6.00%,61.70%,"$41,278.00",13.00%,19.3,25.30%,-0.23413173
Glendale,Arizona,"250,702",10.90%,62.00%,"$49,383.00",15.50%,27.6,20.30%,-0.233347411
Coachella,California,"45,839",12.60%,70.20%,"$34,300.00",23.20%,21.6,28.00%,-0.233042914
Albuquerque,New Mexico,"560,218",2.60%,63.80%,"$49,878.00",12.10%,21.2,18.20%,-0.227540974
Elgin,Illinois,"111,683",3.30%,69.80%,"$63,655.00",14.40%,28.4,13.20%,-0.227246139
Gastonia,North Carolina,"77,024",7.40%,63.30%,"$43,985.00",14.50%,23.8,19.10%,-0.225357336
Las Cruces,New Mexico,"102,926",5.30%,59.90%,"$40,924.00",12.00%,18.1,24.40%,-0.223799834
Hilton Head Island,South Carolina,"39,639",6.90%,53.20%,"$72,569.00",21.10%,18.7,10.90%,-0.221134001
Clifton,New Jersey,"85,273",1.40%,66.40%,"$74,963.00",13.30%,28,9.50%,-0.220559684
Riverside,California,"330,063",8.60%,63.50%,"$62,460.00",13.70%,30.4,16.60%,-0.217642948
Mount Prospect,Illinois,"54,198",-1.50%,68.20%,"$71,925.00",11.00%,28.4,5.60%,-0.215937502
Cleveland,Tennessee,"44,974",9.00%,60.30%,"$41,570.00",18.00%,18.6,22.00%,-0.215200264
Fontana,California,"213,739",8.80%,66.40%,"$68,304.00",15.20%,33,14.30%,-0.214505472
Yucaipa,California,"53,682",4.50%,60.10%,"$58,166.00",7.20%,28.9,14.50%,-0.214344418
Tinley Park,Illinois,"56,204",-1.10%,67.90%,"$76,061.00",6.60%,32.6,7.90%,-0.213030357
Fitchburg,Massachusetts,"40,882",1.40%,64.70%,"$51,412.00",5.00%,26.8,17.90%,-0.211726301
Great Falls,Montana,"58,701",-0.70%,60.40%,"$44,725.00",13.00%,13.7,14.50%,-0.211097458
St. Clair Shores,Michigan,"59,409",-0.60%,62.70%,"$56,674.00",6.40%,26.5,8.50%,-0.210326289
Southfield,Michigan,"73,158",2.00%,61.70%,"$52,470.00",8.80%,24.4,13.00%,-0.210234362
Florissant,Missouri,"51,272",-2.00%,68.40%,"$52,532.00",8.50%,25.1,9.00%,-0.208245357
Indianapolis,Indiana,"867,125",5.70%,67.10%,"$44,709.00",14.10%,23.1,20.10%,-0.204829836
Wichita,Kansas,"389,255",1.80%,66.10%,"$48,982.00",15.00%,18.2,16.90%,-0.202464417
Springfield,Illinois,"114,694",-2.00%,62.90%,"$51,789.00",6.90%,17.6,20.30%,-0.201851237
Danbury,Connecticut,"84,730",4.70%,71.20%,"$68,068.00",19.20%,27.1,11.60%,-0.201768622
Lansing,Michigan,"118,427",3.70%,66.90%,"$38,642.00",10.50%,19.3,27.10%,-0.201692655
Moline,Illinois,"41,902",-3.70%,65.10%,"$52,173.00",9.90%,17.5,12.10%,-0.201557554
Newark,Ohio,"50,029",5.20%,62.30%,"$40,129.00",10.50%,21.7,20.50%,-0.2000935
Brockton,Massachusetts,"95,777",2.10%,68.20%,"$52,393.00",4.30%,30.9,16.80%,-0.199385877
Norwich,Connecticut,"39,136",-3.40%,67.70%,"$53,682.00",5.90%,22.5,14.60%,-0.199225223
Johnson City,Tennessee,"66,778",5.40%,60.60%,"$39,143.00",12.40%,18,22.30%,-0.19871978
Stillwater,Oklahoma,"50,391",10.30%,57.30%,"$29,450.00",12.60%,15.3,34.30%,-0.194939078
Azusa,California,"49,958",7.30%,64.00%,"$57,728.00",12.70%,28.2,16.40%,-0.192800331
Sherman,Texas,"42,462",10.70%,63.10%,"$44,884.00",21.50%,20.6,18.60%,-0.191818031
West Palm Beach,Florida,"111,398",10.70%,64.50%,"$49,054.00",20.80%,22.7,18.90%,-0.190555707
Linden,New Jersey,"42,538",5.00%,67.90%,"$66,538.00",15.30%,29.1,10.30%,-0.189825668
Palatine,Illinois,"68,053",-0.70%,72.80%,"$76,633.00",12.10%,29.1,10.10%,-0.189059548
Worcester,Massachusetts,"185,877",2.70%,61.10%,"$45,869.00",3.70%,24,21.80%,-0.18894885
Streamwood,Illinois,"39,570",-0.70%,72.20%,"$80,152.00",11.60%,31.8,5.70%,-0.188451306
Pasadena,California,"141,371",3.10%,66.40%,"$76,264.00",11.80%,28.1,15.50%,-0.188429891
Corpus Christi,Texas,"326,554",7.00%,63.40%,"$53,626.00",20.30%,19.2,16.20%,-0.188083934
Midwest City,Oklahoma,"57,325",5.40%,61.30%,"$46,431.00",14.60%,20.2,15.60%,-0.187762476
Altamonte Springs,Florida,"44,241",6.30%,68.60%,"$50,207.00",17.90%,24.7,13.00%,-0.186700876
Chattanooga,Tennessee,"180,557",6.00%,60.90%,"$41,911.00",13.30%,18.8,20.70%,-0.183912001
West Allis,Wisconsin,"59,492",-1.50%,68.90%,"$47,669.00",8.60%,22.2,13.40%,-0.18261115
Des Plaines,Illinois,"58,959",1.00%,66.00%,"$67,415.00",9.50%,28.4,8.90%,-0.181928604
Revere,Massachusetts,"53,821",4.00%,68.30%,"$53,794.00",6.40%,32.9,13.00%,-0.181708465
Sterling Heights,Michigan,"132,964",2.50%,61.80%,"$62,344.00",9.60%,25.4,12.00%,-0.180593968
Ormond Beach,Florida,"43,475",10.10%,50.90%,"$51,152.00",16.90%,21.5,9.00%,-0.180427312
Las Vegas,Nevada,"644,644",10.30%,63.20%,"$53,159.00",18.10%,25.4,16.20%,-0.17801899
Warner Robins,Georgia,"75,797",9.70%,62.90%,"$48,307.00",18.60%,20.4,21.90%,-0.177110429
Victoria,Texas,"67,015",7.00%,65.30%,"$52,255.00",21.50%,18.1,17.20%,-0.176312856
Norwalk,Connecticut,"89,047",4.00%,72.90%,"$81,546.00",22.00%,26.8,9.20%,-0.173765552
Wausau,Wisconsin,"38,580",-1.50%,63.90%,"$40,260.00",8.10%,15.9,17.70%,-0.173055669
Lynn,Massachusetts,"94,654",4.80%,68.10%,"$53,513.00",6.10%,31.4,18.20%,-0.17231413
Prescott,Arizona,"43,314",8.90%,42.90%,"$50,812.00",10.80%,18,13.90%,-0.17122735
Federal Way,Washington,"97,044",8.70%,67.00%,"$62,086.00",12.90%,33.6,12.30%,-0.168879443
West Valley City,Utah,"136,401",5.30%,72.40%,"$59,954.00",22.30%,22,13.80%,-0.167805116
St. Petersburg,Florida,"265,098",8.10%,62.80%,"$50,622.00",15.80%,23.6,15.90%,-0.167693035
Cerritos,California,"50,462",2.90%,57.60%,"$98,953.00",8.30%,33.5,5.00%,-0.167301344
Ceres,California,"48,769",6.30%,63.00%,"$51,113.00",8.90%,28.3,15.20%,-0.167093917
Palm Coast,Florida,"87,607",16.50%,49.10%,"$51,208.00",18.00%,25.7,13.40%,-0.165121599
Cape Girardeau,Missouri,"39,853",4.90%,60.10%,"$42,078.00",11.70%,15.8,24.60%,-0.164505894
Little Rock,Arkansas,"197,881",2.30%,64.90%,"$48,463.00",12.50%,18.6,17.80%,-0.163807923
Lawrence,Indiana,"49,046",6.60%,71.80%,"$50,107.00",15.40%,27.4,15.80%,-0.163173506
Everett,Washington,"111,262",7.90%,65.00%,"$54,562.00",11.90%,28.8,16.30%,-0.162180227
Citrus Heights,California,"87,910",5.60%,63.90%,"$54,373.00",11.40%,26.7,13.20%,-0.161204742
Amarillo,Texas,"199,924",4.90%,67.20%,"$51,198.00",19.70%,17.7,16.40%,-0.16071093
Meriden,Connecticut,"59,540",-2.10%,64.10%,"$57,350.00",6.00%,22.8,10.80%,-0.159718514
Pittsburg,California,"72,437",14.50%,65.90%,"$66,739.00",11.20%,42.5,13.60%,-0.157867268
Ontario,California,"181,107",10.50%,66.70%,"$57,544.00",15.00%,30.9,16.20%,-0.157523253
San Rafael,California,"58,704",1.70%,66.10%,"$85,931.00",9.90%,28.6,14.50%,-0.154439985
Spokane,Washington,"219,190",4.60%,60.00%,"$44,768.00",9.30%,20.1,19.40%,-0.154100464
Concord,California,"129,688",6.20%,66.50%,"$76,500.00",11.20%,33.8,11.20%,-0.153659354
High Point,North Carolina,"112,316",7.50%,62.70%,"$44,642.00",14.80%,20.5,19.40%,-0.153513184
Lawrence,Massachusetts,"80,376",5.30%,66.30%,"$39,627.00",7.80%,23.4,24.20%,-0.151873613
Fountain Valley,California,"55,814",0.80%,61.00%,"$86,602.00",8.10%,28.5,8.70%,-0.151527077
Hanford,California,"56,910",4.70%,59.80%,"$55,327.00",9.00%,22.3,18.70%,-0.148137075
Kettering,Ohio,"55,103",-1.90%,64.70%,"$53,708.00",7.70%,20.2,11.90%,-0.147095001
Glendora,California,"52,002",3.50%,63.70%,"$86,442.00",8.30%,33.4,9.10%,-0.145832431
West Haven,Connecticut,"54,879",-1.20%,68.60%,"$55,299.00",8.50%,22.5,13.20%,-0.145342049
San Leandro,California,"89,703",5.60%,65.50%,"$66,178.00",9.00%,32.4,11.10%,-0.144546259
Pittsfield,Massachusetts,"42,533",-4.90%,65.00%,"$46,871.00",3.30%,17.6,15.10%,-0.141283596
Manchester,New Hampshire,"112,525",2.70%,69.00%,"$56,467.00",12.80%,23.3,14.90%,-0.140754564
Tacoma,Washington,"216,279",9.10%,62.70%,"$55,506.00",11.80%,28.1,17.00%,-0.139605761
Lakewood,California,"80,140",0.10%,64.80%,"$84,055.00",8.50%,29.4,7.00%,-0.13862817
Harrisonburg,Virginia,"54,033",10.50%,60.70%,"$43,009.00",17.30%,15.7,29.00%,-0.136969587
Watsonville,California,"53,920",5.30%,67.40%,"$51,548.00",13.60%,23.8,15.60%,-0.135469603
Lowell,Massachusetts,"111,670",4.80%,65.50%,"$48,581.00",5.80%,25.8,22.40%,-0.133838538
Corona,California,"168,819",10.70%,65.90%,"$73,594.00",12.80%,36.7,11.60%,-0.132277843
Santa Clarita,California,"210,089",2.90%,68.60%,"$90,544.00",9.40%,34.9,8.80%,-0.131585669
San Angelo,Texas,"100,215",7.50%,59.70%,"$47,044.00",19.40%,16.1,14.10%,-0.13136067
Lake Charles,Louisiana,"78,001",7.90%,62.90%,"$40,910.00",16.20%,16.7,22.90%,-0.130327762
Provo,Utah,"116,702",3.70%,69.30%,"$44,312.00",12.50%,17.8,25.40%,-0.127574713
Boynton Beach,Florida,"78,050",14.40%,63.00%,"$50,561.00",21.50%,25.1,16.70%,-0.126646162
Salina,Kansas,"46,716",-2.20%,66.40%,"$47,103.00",11.80%,14,13.80%,-0.124360669
Oakland,California,"429,082",9.80%,67.80%,"$63,251.00",12.20%,31.9,18.70%,-0.124200786
Jurupa Valley,California,"108,393",14.10%,63.40%,"$63,286.00",17.00%,31.7,16.00%,-0.123772332
Orange,California,"139,484",2.20%,65.40%,"$83,500.00",12.30%,25.7,12.50%,-0.119795097
Vista,California,"101,224",8.40%,65.00%,"$59,833.00",16.40%,24.7,15.40%,-0.116831407
Richmond,Virginia,"228,783",12.00%,65.00%,"$42,356.00",16.80%,21.9,25.20%,-0.116730652
Burien,Washington,"51,908",8.00%,67.90%,"$60,732.00",13.60%,28.9,15.20%,-0.11527594
New Orleans,Louisiana,"391,006",13.70%,61.40%,"$38,721.00",14.10%,23.8,25.40%,-0.113608361
Fort Wayne,Indiana,"267,633",5.50%,66.40%,"$45,853.00",13.30%,20.9,17.80%,-0.113019629
Quincy,Illinois,"40,042",-1.60%,62.60%,"$42,854.00",7.20%,14.5,16.50%,-0.112743293
Springfield,Oregon,"62,979",6.00%,65.60%,"$41,700.00",12.00%,20,21.30%,-0.111772325
Crystal Lake,Illinois,"40,036",-1.80%,71.60%,"$83,746.00",6.60%,31.9,6.80%,-0.111104818
Lodi,California,"66,995",7.80%,62.60%,"$52,244.00",12.00%,24.5,16.70%,-0.110974478
Tulare,California,"64,475",8.70%,60.20%,"$49,584.00",13.40%,20.4,21.10%,-0.110943639
Greenville,North Carolina,"93,137",9.90%,64.00%,"$36,496.00",12.30%,18.3,32.10%,-0.110771825
Quincy,Massachusetts,"94,580",2.50%,69.90%,"$71,808.00",4.00%,35.6,10.50%,-0.109204871
La Crosse,Wisconsin,"51,567",0.40%,67.00%,"$42,243.00",8.00%,15.1,25.20%,-0.108906637
Waterloo,Iowa,"67,798",-0.90%,66.00%,"$44,429.00",9.20%,15.5,17.00%,-0.106378291
White Plains,New York,"58,111",2.20%,69.20%,"$87,550.00",13.50%,27.4,11.90%,-0.106203929
Wheeling,Illinois,"38,878",3.30%,73.20%,"$62,478.00",16.20%,24.7,11.50%,-0.104242094
East Providence,Rhode Island,"47,476",0.90%,65.00%,"$54,707.00",7.50%,23.6,10.60%,-0.102644021
Davis,California,"69,289",5.60%,58.30%,"$63,071.00",4.60%,21.7,29.10%,-0.102257821
Bryan,Texas,"85,445",12.10%,64.50%,"$43,310.00",22.40%,16.5,23.60%,-0.099412382
Santa Rosa,California,"177,586",1.40%,65.60%,"$67,144.00",11.10%,22.6,11.80%,-0.098758261
San Buenaventura (Ventura),California,"327,167,434",6.00%,63.00%,"$57,652.00",10.20%,26.4,12.30%,-0.097467728
Taunton,Massachusetts,"57,296",2.50%,66.40%,"$56,797.00",2.90%,29.9,13.80%,-0.096943899
Orland Park,Illinois,"58,312",3.00%,62.90%,"$85,802.00",5.60%,35,4.30%,-0.095754882
Grand Prairie,Texas,"194,614",10.90%,70.90%,"$62,589.00",20.70%,28.6,12.80%,-0.094481667
Oshkosh,Wisconsin,"66,729",0.80%,62.60%,"$45,708.00",6.70%,17.1,18.80%,-0.094430051
Redlands,California,"71,586",4.20%,58.20%,"$68,956.00",8.60%,22.8,15.30%,-0.09440147
North Charleston,South Carolina,"113,237",16.10%,64.40%,"$39,944.00",20.90%,23.1,22.80%,-0.093549203
Pocatello,Idaho,"56,266",3.70%,62.70%,"$42,979.00",10.60%,16.3,20.20%,-0.093419405
Green Bay,Wisconsin,"104,879",0.90%,68.30%,"$45,473.00",9.70%,18.5,17.20%,-0.090658558
La Mesa,California,"59,556",4.50%,63.70%,"$59,629.00",10.50%,24.3,12.60%,-0.088523861
Portland,Maine,"66,417",0.30%,70.70%,"$51,430.00",10.20%,19.1,18.30%,-0.087803869
Turlock,California,"73,504",7.10%,62.30%,"$53,661.00",10.50%,24.2,16.40%,-0.085692705
Council Bluffs,Iowa,"62,421",0.30%,66.00%,"$49,750.00",9.30%,18.6,13.90%,-0.084838797
Burlington,Vermont,"42,899",1.10%,65.20%,"$47,140.00",4.60%,18.5,24.40%,-0.083889497
Jacksonville,Florida,"903,889",10.00%,63.90%,"$50,555.00",14.70%,24.6,16.40%,-0.083592062
Tracy,California,"91,812",10.10%,68.70%,"$84,162.00",8.20%,43.5,8.40%,-0.082642063
San Luis Obispo,California,"47,446",5.10%,60.80%,"$49,640.00",7.50%,15.2,32.40%,-0.082363255
Athens-Clarke County,Georgia,"111,128",3.60%,63.10%,"$72,859.00",10.60%,25.2,11.20%,-0.081940964
Plant City,Florida,"39,156",12.60%,65.10%,"$48,504.00",20.90%,23.6,14.00%,-0.080074882
Kissimmee,Florida,"73,597",23.50%,65.00%,"$38,353.00",24.10%,29.2,24.40%,-0.078386498
Rancho Palos Verdes,California,"41,928",0.60%,55.30%,"$124,552.00",4.00%,34.1,4.50%,-0.076036914
Cuyahoga Falls,Ohio,"49,272",-0.60%,67.60%,"$52,936.00",7.00%,22.4,10.40%,-0.075847025
Findlay,Ohio,"41,324",0.30%,64.60%,"$47,083.00",9.50%,15.7,16.00%,-0.074492355
Barnstable Town,Massachusetts,"44,460",-1.60%,62.90%,"$66,864.00",6.50%,21.4,9.10%,-0.07440824
Sunrise,Florida,"95,458",13.20%,65.40%,"$53,237.00",17.70%,28.4,13.70%,-0.072216528
Kansas City,Missouri,"491,918",7.00%,68.30%,"$50,136.00",15.10%,21.8,17.30%,-0.070323577
Kent,Washington,"129,618",9.30%,67.30%,"$64,573.00",11.30%,31.7,14.80%,-0.069965254
Sheboygan,Wisconsin,"48,180",-2.40%,67.80%,"$44,710.00",7.90%,16.6,12.30%,-0.069518978
Louisville/Jefferson County,Kentucky,"620,118",4.20%,65.30%,"$49,439.00",8.60%,22.4,16.70%,-0.069361114
Yuma,Arizona,"97,908",7.90%,57.50%,"$46,151.00",15.00%,15.7,16.90%,-0.06810349
Lakeland,Florida,"110,516",13.60%,54.00%,"$42,033.00",14.30%,21,17.90%,-0.067666802
Oak Park,Illinois,"52,265",0.70%,71.40%,"$87,271.00",5.30%,34.8,8.30%,-0.067245197
Lynchburg,Virginia,"82,126",8.70%,58.50%,"$41,971.00",11.70%,17.4,22.30%,-0.065729229
Owensboro,Kentucky,"59,809",4.10%,59.80%,"$40,146.00",8.10%,16,20.00%,-0.065628746
West Lafayette,Indiana,"48,308",15.00%,49.00%,"$31,230.00",5.70%,15.6,41.10%,-0.065498777
North Port,Florida,"68,628",19.70%,52.20%,"$54,687.00",17.30%,30.1,12.30%,-0.063872322
Arcadia,California,"58,610",4.10%,59.80%,"$90,666.00",6.90%,30.8,8.80%,-0.062425593
Middletown,Connecticut,"46,146",-3.20%,66.10%,"$63,914.00",4.30%,21.3,11.30%,-0.060807156
Sioux City,Iowa,"82,396",-0.40%,68.80%,"$48,559.00",10.30%,16.9,14.70%,-0.05981914
Concord,New Hampshire,"43,412",1.70%,64.00%,"$61,310.00",9.60%,21.7,10.20%,-0.059339435
Sacramento,California,"508,529",9.00%,63.20%,"$54,615.00",10.10%,25.4,19.80%,-0.058372026
Davenport,Iowa,"102,085",2.40%,63.10%,"$49,335.00",7.70%,18.7,17.10%,-0.057849734
Santa Cruz,California,"64,725",8.00%,61.00%,"$65,421.00",8.80%,23.5,24.40%,-0.056025939
Tallahassee,Florida,"193,551",6.80%,66.20%,"$42,418.00",10.40%,18.4,27.10%,-0.055918517
Cypress,California,"48,958",2.30%,63.50%,"$90,345.00",8.00%,30.6,5.80%,-0.055269044
Carol Stream,Illinois,"39,601",0.10%,72.70%,"$76,078.00",8.30%,29.4,8.50%,-0.055204951
Livonia,Michigan,"93,971",-3.00%,63.70%,"$74,882.00",4.50%,24.2,5.40%,-0.054684125
Duluth,Minnesota,"85,884",-0.40%,65.90%,"$47,227.00",5.20%,17,20.30%,-0.053880536
Taylorsville,Utah,"60,192",2.60%,72.00%,"$59,968.00",15.40%,21.4,11.20%,-0.050793501
Annapolis,Maryland,"39,174",2.30%,71.20%,"$81,143.00",13.40%,26.5,9.90%,-0.047535014
Leominster,Massachusetts,"41,823",2.60%,67.50%,"$57,610.00",5.10%,27,13.40%,-0.046612734
Port Orange,Florida,"64,252",13.50%,54.70%,"$48,478.00",15.50%,21.8,14.90%,-0.046407358
Menifee,California,"92,595",19.50%,55.60%,"$60,808.00",9.30%,41,10.40%,-0.045568261
Fond du Lac,Wisconsin,"42,959",-0.10%,64.20%,"$48,129.00",6.80%,18.1,12.60%,-0.044309665
Midland,Michigan,"41,800",-0.20%,60.80%,"$58,910.00",6.50%,18,12.40%,-0.04392533
Janesville,Wisconsin,"64,565",1.50%,66.30%,"$52,617.00",7.70%,21.2,13.30%,-0.042772991
Bristol,Connecticut,"60,032",-0.70%,67.50%,"$64,586.00",6.60%,23.3,10.40%,-0.042498878
Hoffman Estates,Illinois,"51,197",-1.30%,73.00%,"$87,608.00",8.20%,31,4.40%,-0.040414157
Schaumburg,Illinois,"73,509",-1.00%,71.40%,"$77,022.00",6.40%,29.2,6.70%,-0.037877934
Bolingbrook,Illinois,"75,178",2.50%,72.70%,"$83,419.00",10.50%,31.5,7.70%,-0.035436334
Chino,California,"91,583",17.30%,52.00%,"$75,530.00",12.40%,34.1,11.70%,-0.035072888
Tuscaloosa,Alabama,"101,113",11.90%,54.90%,"$42,428.00",10.10%,19.4,23.70%,-0.034097804
Warwick,Rhode Island,"80,847",-2.20%,67.60%,"$71,191.00",6.00%,24.3,6.70%,-0.033064414
Cranston,Rhode Island,"81,274",0.90%,62.90%,"$64,282.00",6.40%,22.6,9.90%,-0.032186637
Lafayette,Indiana,"72,168",4.80%,70.30%,"$43,894.00",15.10%,16.7,18.90%,-0.031559703
Corvallis,Oregon,"58,641",7.60%,59.20%,"$46,285.00",8.10%,16.9,27.30%,-0.030381268
Chicopee,Massachusetts,"55,582",0.50%,62.10%,"$48,866.00",4.00%,19.1,14.40%,-0.030272708
Greensboro,North Carolina,"294,722",9.60%,64.00%,"$44,978.00",13.80%,20.7,19.20%,-0.03004949
North Las Vegas,Nevada,"245,949",13.50%,64.30%,"$55,828.00",17.70%,26.3,15.10%,-0.029719854
Gainesville,Georgia,"41,464",21.80%,63.50%,"$41,250.00",25.60%,21.6,27.20%,-0.026010314
Placentia,California,"51,671",1.50%,67.60%,"$88,501.00",8.80%,28.5,8.80%,-0.025994768
Phoenix,Arizona,"1,660,272",14.70%,66.10%,"$52,080.00",18.00%,25.4,20.90%,-0.025914571
Costa Mesa,California,"113,615",3.20%,72.30%,"$75,109.00",15.70%,22.5,13.80%,-0.023707637
Grand Rapids,Michigan,"200,217",6.50%,67.80%,"$44,369.00",11.30%,19.3,22.50%,-0.022810228
San Antonio,Texas,"1,532,233",15.50%,63.50%,"$49,711.00",19.30%,24.1,18.60%,-0.021899376
Sayreville,New Jersey,"44,556",4.20%,68.00%,"$79,620.00",7.30%,33.5,6.20%,-0.020831718
Cedar Hill,Texas,"48,463",7.70%,71.70%,"$69,269.00",14.10%,30.3,10.70%,-0.02004944
Murrieta,California,"114,985",10.90%,62.60%,"$80,373.00",9.40%,36.1,8.90%,-0.014656366
Manassas,Virginia,"41,641",10.10%,75.00%,"$77,551.00",17.90%,34.1,8.80%,-0.013153066
DeSoto,Texas,"53,523",9.10%,69.50%,"$64,575.00",12.30%,31,11.90%,-0.012903936
Nashua,New Hampshire,"89,246",3.20%,69.50%,"$70,316.00",9.50%,26.9,10.80%,-0.012779167
Honolulu,Hawaii,"980,080",2.80%,61.20%,"$80,078.00",4.10%,29.1,8.30%,-0.012230964
Virginia Beach,Virginia,"450,189",2.80%,64.50%,"$70,500.00",10.20%,23.7,8.00%,-0.010599201
Arlington Heights,Illinois,"75,249",0.10%,67.20%,"$87,790.00",6.50%,29.8,4.40%,-0.009940808
Bartlett,Illinois,"40,931",-0.50%,72.90%,"$99,957.00",6.20%,34.8,4.60%,-0.00826599
Visalia,California,"133,800",7.50%,60.10%,"$54,934.00",8.30%,20.9,20.30%,-0.006166368
Walnut Creek,California,"69,825",8.80%,55.80%,"$86,845.00",6.10%,33.6,7.00%,-0.00416524
Delray Beach,Florida,"69,358",14.40%,61.40%,"$53,233.00",19.10%,22.2,16.50%,-0.001678331
Simi Valley,California,"125,851",1.30%,67.40%,"$93,516.00",7.90%,30,6.20%,0.000638493
Pembroke Pines,Florida,"172,374",11.30%,65.10%,"$65,805.00",13.40%,31.5,8.40%,0.00115565
Rohnert Park,California,"43,753",7.20%,67.70%,"$62,769.00",10.30%,26.7,15.00%,0.005360489
Fairfield,Ohio,"42,613",0.30%,70.40%,"$62,198.00",9.70%,22.8,7.00%,0.0069832
Edinburg,Texas,"98,665",20.30%,65.80%,"$45,038.00",25.30%,21.2,25.90%,0.007770554
Irving,Texas,"242,242",12.00%,73.90%,"$58,196.00",23.20%,24.2,14.30%,0.010052209
Bossier City,Louisiana,"68,235",10.50%,57.20%,"$48,468.00",12.80%,17.5,19.30%,0.01338872
Berkeley,California,"121,643",8.10%,62.30%,"$75,709.00",5.70%,28.7,19.80%,0.013586537
Lombard,Illinois,"44,523",2.80%,68.40%,"$73,145.00",7.80%,28.9,6.00%,0.015447005
Port St. Lucie,Florida,"195,248",18.90%,59.10%,"$54,046.00",18.50%,29.1,12.10%,0.016991314
Vancouver,Washington,"183,012",9.50%,64.10%,"$55,593.00",11.50%,25.2,14.00%,0.018713811
Indio,California,"91,240",15.30%,59.80%,"$49,951.00",17.00%,22.4,18.10%,0.019312282
Oklahoma City,Oklahoma,"649,021",11.90%,66.00%,"$51,581.00",18.00%,21.3,17.10%,0.020002265
San Clemente,California,"64,857",2.20%,64.30%,"$101,843.00",8.70%,29.1,6.40%,0.020036351
Avondale,Arizona,"85,835",12.70%,68.00%,"$56,585.00",14.70%,28.1,16.30%,0.020998045
Suffolk,Virginia,"91,185",7.80%,64.30%,"$68,089.00",9.30%,28.4,11.20%,0.021158187
Jeffersonville,Indiana,"47,432",5.30%,64.90%,"$52,861.00",10.50%,21.7,10.20%,0.027826874
Omaha,Nebraska,"468,262",4.00%,69.90%,"$53,789.00",12.50%,18.7,15.10%,0.03616017
Salem,Massachusetts,"43,559",5.40%,68.30%,"$65,528.00",3.50%,30.3,15.30%,0.037041559
Prescott Valley,Arizona,"45,751",17.70%,51.70%,"$45,684.00",16.70%,20.7,15.00%,0.042989526
Anchorage,Alaska,"291,538",-0.10%,70.00%,"$82,271.00",14.40%,18.9,8.10%,0.044196092
Nashville-Davidson,Tennessee,"669,053",10.90%,70.50%,"$52,858.00",15.30%,24.6,17.20%,0.045267294
Huntsville,Alabama,"197,318",9.40%,62.40%,"$51,926.00",13.00%,18.9,18.30%,0.045347838
Coral Springs,Florida,"133,507",9.40%,71.90%,"$70,768.00",16.60%,28.4,10.00%,0.047099955
Palm Desert,California,"53,185",9.80%,53.40%,"$56,262.00",10.80%,19.2,12.50%,0.047199855
Salt Lake City,Utah,"200,591",7.60%,71.00%,"$54,009.00",16.00%,19.4,17.80%,0.048170384
Grand Junction,Colorado,"63,374",7.40%,62.80%,"$47,824.00",12.20%,16.3,18.30%,0.048465939
Downers Grove,Illinois,"49,387",1.00%,66.70%,"$85,546.00",4.80%,29.3,5.40%,0.049417976
Alameda,California,"78,338",6.10%,66.30%,"$89,045.00",6.90%,33,9.20%,0.050291778
Shoreline,Washington,"56,752",7.00%,67.20%,"$76,271.00",8.60%,31,9.00%,0.052845033
Medford,Massachusetts,"57,765",2.60%,69.30%,"$86,204.00",3.60%,32.1,10.30%,0.053206155
Idaho Falls,Idaho,"61,535",7.70%,63.30%,"$49,098.00",13.20%,17.6,14.80%,0.056045872
La Quinta,California,"41,535",10.80%,55.10%,"$76,131.00",13.30%,22.8,11.20%,0.058726261
Woodland,California,"60,531",9.00%,62.50%,"$60,446.00",12.60%,22.1,13.00%,0.060404671
Logan,Utah,"51,619",7.10%,68.40%,"$38,412.00",11.80%,14.4,25.50%,0.062343084
Roswell,Georgia,"94,650",7.20%,71.20%,"$87,911.00",15.00%,29.2,8.90%,0.063968328
Huntington Beach,California,"200,641",5.00%,66.60%,"$88,079.00",9.10%,28.9,8.90%,0.065259097
Bakersfield,California,"383,579",10.10%,63.60%,"$60,058.00",11.20%,22.6,19.20%,0.065768462
Rock Hill,South Carolina,"74,309",11.70%,67.60%,"$44,296.00",12.60%,23.8,18.10%,0.067202273
Bedford,Texas,"49,464",5.30%,70.30%,"$64,933.00",12.80%,25.2,6.30%,0.068405265
Millcreek,Utah,"61,270",4.30%,67.30%,"$61,888.00",12.40%,19.9,10.20%,0.070014778
St. Cloud,Minnesota,"68,043",3.20%,70.70%,"$46,601.00",6.80%,17.4,23.20%,0.070186157
Murray,Utah,"49,308",5.60%,68.80%,"$57,662.00",13.80%,20.2,10.90%,0.072122078
Eugene,Oregon,"171,245",9.50%,61.90%,"$47,489.00",10.10%,18.2,21.70%,0.072415164
Chula Vista,California,"271,651",11.40%,62.80%,"$70,197.00",11.00%,28.7,12.30%,0.073882706
Farmington Hills,Michigan,"81,093",1.70%,65.10%,"$76,637.00",5.50%,25.1,7.50%,0.075662197
Santa Barbara,California,"91,350",3.40%,68.80%,"$71,160.00",14.60%,17.2,13.70%,0.075791346
Medford,Oregon,"82,347",9.90%,61.50%,"$45,361.00",12.80%,16.2,19.80%,0.077273116
Wyoming,Michigan,"75,820",5.10%,71.60%,"$50,971.00",10.80%,20.7,15.50%,0.078772837
Manhattan,Kansas,"54,959",5.40%,63.40%,"$47,632.00",6.70%,14.7,25.40%,0.08090796
St. Paul,Minnesota,"307,695",7.90%,70.70%,"$52,841.00",9.10%,23.7,20.40%,0.081324463
Dubuque,Iowa,"57,941",0.60%,66.50%,"$50,171.00",6.70%,14.5,16.30%,0.081537474
Mesa,Arizona,"508,958",15.70%,63.20%,"$52,155.00",16.30%,24.8,15.80%,0.083373051
Atlanta,Georgia,"498,044",16.70%,65.20%,"$51,701.00",14.30%,26.3,22.40%,0.08409447
Strongsville,Ohio,"44,853",0.20%,66.30%,"$84,135.00",3.80%,27.8,4.30%,0.08499754
Hayward,California,"159,620",10.60%,67.20%,"$74,927.00",10.10%,32.4,10.50%,0.08666443
Keizer,Oregon,"39,692",8.90%,62.30%,"$60,722.00",10.30%,22.7,13.80%,0.0880252
Daly City,California,"107,008",5.80%,68.20%,"$86,342.00",8.40%,30.5,8.90%,0.089703189
Lincoln,California,"47,978",11.80%,52.20%,"$78,647.00",7.40%,29.3,6.90%,0.090488826
Chico,California,"94,776",9.20%,63.60%,"$45,337.00",9.90%,16.6,24.60%,0.09231146
Vacaville,California,"100,154",8.40%,58.10%,"$77,807.00",6.90%,27.6,8.80%,0.094308346
Novato,California,"55,655",7.30%,65.30%,"$89,812.00",7.40%,32.6,7.90%,0.094652611
Grand Island,Nebraska,"51,478",5.80%,72.30%,"$51,627.00",16.40%,16.4,15.00%,0.094895248
Nampa,Idaho,"96,252",17.60%,63.90%,"$43,058.00",16.50%,23.8,20.00%,0.095140637
Attleboro,Massachusetts,"45,117",3.50%,70.20%,"$70,136.00",3.00%,30.6,9.20%,0.097517296
Lubbock,Texas,"255,885",11.40%,65.20%,"$47,326.00",16.70%,16.4,19.80%,0.098364139
Bellevue,Nebraska,"53,627",4.10%,68.80%,"$62,003.00",11.30%,20.9,9.50%,0.098520223
Kennewick,Washington,"82,943",12.10%,62.20%,"$54,420.00",13.00%,21.7,16.70%,0.09866279
Bountiful,Utah,"44,098",3.60%,62.80%,"$69,611.00",9.10%,21.2,6.40%,0.099440341
Culver City,California,"39,214",0.80%,70.50%,"$86,997.00",7.60%,26.1,7.40%,0.100318686
Rancho Cucamonga,California,"177,751",7.50%,66.40%,"$83,736.00",7.70%,31.8,8.40%,0.100547955
Tustin,California,"79,795",5.90%,71.10%,"$73,567.00",11.60%,24.5,13.60%,0.103755259
Santa Monica,California,"91,411",1.90%,70.70%,"$86,084.00",7.30%,26.2,10.70%,0.105547688
Union City,California,"74,559",7.20%,63.50%,"$95,625.00",5.70%,33.9,7.10%,0.105848116
Thousand Oaks,California,"127,690",1.00%,65.30%,"$103,793.00",7.90%,26.2,5.70%,0.106053516
Puyallup,Washington,"41,886",12.50%,65.00%,"$65,719.00",9.70%,31.7,10.60%,0.106244378
Casper,Wyoming,"57,461",3.90%,70.00%,"$60,470.00",15.40%,16.5,10.10%,0.107709492
Brookhaven,Georgia,"54,145",9.10%,76.90%,"$78,863.00",18.90%,26.1,14.10%,0.107994263
West Sacramento,California,"53,727",10.20%,64.60%,"$59,586.00",9.70%,24.2,16.90%,0.10810021
Norman,Oklahoma,"123,471",11.30%,64.20%,"$53,733.00",11.20%,22.4,18.20%,0.1090847
Peabody,Massachusetts,"53,278",3.90%,65.90%,"$65,085.00",3.30%,26.5,9.80%,0.110453321
Haverhill,Massachusetts,"64,041",5.20%,69.70%,"$65,926.00",3.50%,29.4,12.60%,0.110895449
Mentor,Ohio,"47,273",0.20%,65.60%,"$70,625.00",4.70%,22.7,5.30%,0.111582107
Edmonds,Washington,"42,767",7.60%,65.70%,"$82,697.00",6.90%,32.7,6.10%,0.11240167
Stamford,Connecticut,"129,775",5.80%,74.10%,"$84,893.00",14.20%,27.3,9.30%,0.112697289
Coon Rapids,Minnesota,"62,527",1.70%,72.10%,"$68,586.00",6.00%,26.4,7.20%,0.113391989
Chapel Hill,North Carolina,"60,988",6.60%,60.80%,"$67,426.00",6.10%,19.7,20.30%,0.115831028
Champaign,Illinois,"88,029",8.30%,62.90%,"$44,638.00",6.90%,15.7,26.90%,0.116858707
Oro Valley,Arizona,"45,395",10.60%,50.50%,"$79,458.00",5.00%,28.5,5.80%,0.116933925
Winter Haven,Florida,"43,020",24.50%,51.40%,"$41,790.00",17.50%,24.1,18.70%,0.117524532
Lewisville,Texas,"106,586",11.70%,77.00%,"$59,964.00",20.30%,26.3,10.90%,0.118617104
Napa,California,"79,263",2.80%,68.80%,"$75,341.00",10.80%,21.7,8.10%,0.118799014
Burnsville,Minnesota,"61,203",1.50%,73.00%,"$67,397.00",7.40%,23.9,9.30%,0.120248072
Plantation,Florida,"94,288",11.10%,67.40%,"$69,531.00",15.20%,26.7,9.00%,0.121495611
Springdale,Arkansas,"81,029",14.40%,67.90%,"$47,993.00",19.40%,19.4,18.80%,0.121596848
Fairfield,California,"116,884",10.90%,63.00%,"$75,292.00",8.00%,30.8,10.60%,0.123590415
Smyrna,Georgia,"56,706",10.80%,77.20%,"$70,547.00",17.10%,29.4,11.90%,0.124520151
Roy,Utah,"38,773",5.10%,68.00%,"$66,333.00",9.20%,22.9,10.90%,0.125817789
Waukesha,Wisconsin,"72,549",1.90%,71.50%,"$61,380.00",6.70%,22.3,10.60%,0.127248279
San Diego,California,"1,425,976",9.50%,65.00%,"$71,535.00",11.60%,24,14.50%,0.127919046
Casa Grande,Arizona,"57,232",17.90%,55.90%,"$46,357.00",13.20%,22.6,17.90%,0.128314993
Maricopa,Arizona,"50,024",15.00%,64.00%,"$68,908.00",10.10%,35,8.10%,0.129408195
Blue Springs,Missouri,"55,104",4.70%,70.50%,"$68,258.00",8.30%,26.1,8.30%,0.13180353
Ann Arbor,Michigan,"121,890",6.90%,61.70%,"$61,247.00",3.80%,20.4,22.10%,0.133093844
Everett,Massachusetts,"46,880",12.60%,71.80%,"$57,254.00",7.80%,34,13.90%,0.13429126
Lakewood,Colorado,"156,798",9.90%,68.70%,"$61,058.00",12.10%,26.1,10.80%,0.134336132
Salem,Oregon,"173,442",12.00%,61.70%,"$51,666.00",10.90%,21.6,16.20%,0.136597441
Billings,Montana,"109,550",5.00%,67.30%,"$55,585.00",12.70%,16.7,10.80%,0.13668894
Albany,Oregon,"54,453",8.60%,62.50%,"$54,275.00",8.30%,20.6,15.40%,0.138388659
Normal,Illinois,"54,742",4.20%,67.10%,"$56,363.00",4.70%,17.8,22.70%,0.139773685
Fort Worth,Texas,"895,008",20.20%,67.00%,"$57,309.00",21.10%,27,16.90%,0.142482556
Chesapeake,Virginia,"242,634",9.10%,62.40%,"$72,214.00",9.20%,25.9,9.60%,0.143177859
Brooklyn Park,Minnesota,"80,610",6.40%,71.70%,"$68,274.00",10.10%,26,10.50%,0.144857195
Rio Rancho,New Mexico,"98,023",12.20%,62.90%,"$63,180.00",8.50%,28.4,12.30%,0.145460822
Miramar,Florida,"140,823",15.50%,69.60%,"$66,560.00",16.90%,30.7,10.10%,0.145873586
Petaluma,California,"61,917",6.90%,66.20%,"$84,949.00",6.70%,30.1,8.70%,0.14699237
Tampa,Florida,"392,890",16.90%,64.60%,"$48,245.00",14.60%,24,20.00%,0.147493054
Chelsea,Massachusetts,"40,160",14.20%,71.30%,"$51,839.00",7.60%,32.1,19.50%,0.148373482
Aurora,Colorado,"374,114",15.20%,70.70%,"$58,343.00",15.30%,29.3,13.70%,0.150740457
Westfield,Massachusetts,"41,680",1.40%,65.30%,"$62,212.00",2.30%,22.1,8.50%,0.151830461
Wheaton,Illinois,"53,150",0.30%,67.00%,"$95,238.00",4.30%,26.9,5.00%,0.152427089
Northglenn,Colorado,"39,010",9.10%,73.20%,"$64,237.00",9.80%,29.8,11.00%,0.153577726
Charlottesville,Virginia,"48,117",10.80%,63.60%,"$54,739.00",10.20%,17.8,24.50%,0.155488415
Eau Claire,Wisconsin,"68,866",4.00%,70.70%,"$47,660.00",8.20%,16.7,17.40%,0.156777672
Des Moines,Iowa,"216,853",6.20%,70.60%,"$49,999.00",9.20%,18.8,18.10%,0.157754191
Redondo Beach,California,"67,412",0.70%,71.60%,"$104,548.00",6.30%,29.9,4.80%,0.158336045
Wilmington,North Carolina,"122,607",15.20%,63.00%,"$43,867.00",13.70%,18.8,23.20%,0.159268776
Frederick,Maryland,"72,146",10.50%,71.90%,"$67,828.00",9.00%,31.9,11.40%,0.160167877
Cape Coral,Florida,"189,343",22.70%,57.50%,"$53,653.00",18.20%,27.9,12.70%,0.160688694
Glenview,Illinois,"47,258",5.70%,58.60%,"$103,773.00",5.00%,30.1,3.80%,0.16221282
Asheville,North Carolina,"92,452",10.80%,64.90%,"$46,464.00",13.70%,17.8,15.10%,0.163819403
Newport Beach,California,"85,326",0.10%,61.90%,"$119,379.00",5.80%,25,6.20%,0.164802159
Westminster,Colorado,"113,479",6.90%,71.50%,"$70,990.00",10.10%,27.1,8.60%,0.166125237
Weston,Florida,"71,210",8.90%,65.90%,"$96,173.00",9.60%,31.6,7.50%,0.166994897
Spokane Valley,Washington,"99,703",11.10%,62.60%,"$48,015.00",10.90%,20,14.10%,0.169289086
Lexington-Fayette,Kentucky,"323,780",9.40%,67.70%,"$53,013.00",9.60%,20.9,18.60%,0.169611165
Renton,Washington,"102,153",11.20%,71.00%,"$70,661.00",10.70%,30.9,10.90%,0.172425495
Buffalo Grove,Illinois,"40,853",-1.60%,72.40%,"$106,564.00",3.70%,29.6,4.60%,0.172516974
Reno,Nevada,"250,998",11.40%,67.10%,"$52,106.00",14.30%,19.5,16.20%,0.174829357
Kentwood,Michigan,"51,868",6.50%,69.00%,"$50,689.00",8.90%,20,13.60%,0.175495684
Euless,Texas,"57,346",11.80%,75.30%,"$60,558.00",19.10%,24,11.70%,0.177897224
Rapid City,South Dakota,"75,443",10.20%,64.60%,"$48,895.00",14.10%,15.7,16.30%,0.177928934
New Berlin,Wisconsin,"39,733",0.40%,65.70%,"$78,078.00",3.80%,23.3,3.90%,0.17805958
Marlborough,Massachusetts,"39,825",3.40%,73.90%,"$75,418.00",5.50%,29.4,6.50%,0.179316767
Coconut Creek,Florida,"61,361",15.70%,66.60%,"$56,556.00",16.80%,26.8,8.50%,0.182439265
Milford,Connecticut,"53,120",3.60%,67.10%,"$86,496.00",4.70%,28,6.10%,0.18455038
Kannapolis,North Carolina,"49,761",16.80%,67.80%,"$49,637.00",15.00%,26.1,16.10%,0.185121017
Bartlett,Tennessee,"59,315",4.20%,63.80%,"$82,213.00",5.40%,25,6.70%,0.185954594
Mission Viejo,California,"95,202",2.20%,65.80%,"$107,988.00",6.20%,27.8,4.90%,0.18857556
Orlando,Florida,"285,713",19.60%,71.80%,"$45,436.00",19.90%,25.4,19.10%,0.193616303
Denton,Texas,"138,541",19.10%,66.50%,"$52,164.00",18.40%,23.7,19.50%,0.1947582
Appleton,Wisconsin,"74,526",2.50%,70.70%,"$55,817.00",7.00%,18.3,11.60%,0.196333969
Bloomington,Minnesota,"85,578",3.20%,69.00%,"$70,512.00",7.70%,21.9,7.30%,0.198907105
North Richland Hills,Texas,"70,836",11.80%,69.80%,"$65,340.00",14.60%,26.7,7.60%,0.200871815
Surprise,Arizona,"138,161",17.60%,55.00%,"$62,927.00",8.40%,30.3,9.10%,0.202886226
Davie,Florida,"106,558",15.90%,67.00%,"$64,170.00",15.00%,27.7,12.60%,0.203643619
Olympia,Washington,"52,555",12.10%,62.20%,"$55,539.00",9.50%,20.5,18.40%,0.204116053
Boston,Massachusetts,"694,583",12.40%,68.80%,"$62,021.00",4.20%,30.4,20.50%,0.205090872
Shelton,Connecticut,"41,097",3.90%,66.50%,"$89,250.00",4.60%,28.1,5.40%,0.206262554
Chesterfield,Missouri,"47,644",0.30%,61.20%,"$99,848.00",3.60%,22.7,4.80%,0.206517281
Conway,Arkansas,"66,426",12.80%,64.60%,"$46,741.00",11.00%,20.2,17.80%,0.207480229
Auburn,Washington,"81,905",16.70%,66.10%,"$64,400.00",10.80%,31.7,13.60%,0.209593366
Peoria,Arizona,"172,259",11.80%,63.80%,"$69,589.00",9.30%,28.1,8.20%,0.211113512
Weymouth Town,Massachusetts,"57,719",7.40%,70.30%,"$75,892.00",3.20%,33.8,6.60%,0.211156424
Newnan,Georgia,"39,784",20.90%,65.60%,"$53,657.00",14.10%,29,20.50%,0.211744206
Bowie,Maryland,"58,682",6.00%,71.30%,"$108,637.00",5.80%,36.8,3.60%,0.213570457
Temple,Texas,"76,256",15.40%,62.60%,"$49,970.00",15.10%,18.2,19.20%,0.215310247
Columbus,Indiana,"47,543",7.80%,65.50%,"$57,535.00",11.50%,17.3,12.20%,0.216790349
Chino Hills,California,"83,447",11.60%,66.70%,"$102,746.00",6.30%,38.9,6.30%,0.216794767
Portland,Oregon,"653,115",11.90%,69.70%,"$61,532.00",9.90%,26.1,16.20%,0.218277398
Beaverton,Oregon,"98,962",10.30%,70.10%,"$64,619.00",11.30%,24.8,12.60%,0.221296202
Maplewood,Minnesota,"41,004",7.90%,68.90%,"$63,941.00",8.00%,25.5,8.70%,0.22248293
Friendswood,Texas,"40,181",11.90%,64.20%,"$98,609.00",11.30%,32.1,5.70%,0.225323665
Lawrence,Kansas,"97,286",10.90%,69.30%,"$49,297.00",10.10%,19.3,21.80%,0.225798705
Caldwell,Idaho,"56,541",22.10%,64.60%,"$43,269.00",18.70%,23.5,19.30%,0.2339709
Rochester Hills,Michigan,"74,696",5.20%,64.50%,"$87,475.00",4.90%,27,5.30%,0.235271522
Jonesboro,Arkansas,"76,990",14.40%,63.10%,"$44,171.00",12.20%,17.6,20.40%,0.236224996
Columbus,Ohio,"892,533",13.10%,70.10%,"$49,478.00",11.50%,21.6,20.80%,0.237145271
San Jose,California,"1,030,119",8.20%,67.90%,"$96,662.00",8.20%,29.4,10.00%,0.240148209
Bowling Green,Kentucky,"68,401",15.90%,62.80%,"$39,901.00",10.30%,17.7,26.40%,0.241272499
Flagstaff,Arizona,"73,964",12.00%,67.50%,"$51,758.00",14.00%,15.7,21.70%,0.243258024
Troy,Michigan,"84,272",4.10%,64.10%,"$93,017.00",5.30%,25.5,5.10%,0.244265858
Laguna Niguel,California,"66,266",5.20%,66.50%,"$99,206.00",4.60%,29.3,7.30%,0.244456967
Lake Elsinore,California,"68,183",27.90%,65.90%,"$66,032.00",12.00%,44.1,15.80%,0.244802685
Fort Myers,Florida,"82,254",32.00%,55.60%,"$41,591.00",24.40%,24.8,20.60%,0.246179034
Naperville,Illinois,"148,304",4.30%,69.20%,"$114,014.00",4.40%,33.7,4.40%,0.247185109
Bonita Springs,Florida,"57,370",30.60%,46.10%,"$62,017.00",25.80%,22.5,12.50%,0.248994684
Orem,Utah,"97,521",10.40%,68.20%,"$58,077.00",13.80%,17.9,15.00%,0.252143132
Rancho Santa Margarita,California,"48,325",1.00%,75.20%,"$106,939.00",5.70%,30.1,4.40%,0.255156964
Clarksville,Tennessee,"156,794",18.00%,57.00%,"$51,164.00",10.40%,23.3,15.30%,0.256339718
Greenwood,Indiana,"58,778",14.80%,65.60%,"$55,274.00",11.50%,25.3,12.20%,0.25703203
Bloomington,Illinois,"77,962",1.60%,69.10%,"$64,503.00",5.40%,15.9,13.30%,0.258566845
Killeen,Texas,"149,103",16.80%,60.40%,"$48,898.00",13.10%,21.3,13.90%,0.259002931
Bellingham,Washington,"90,665",11.60%,64.20%,"$47,886.00",7.90%,17.7,21.60%,0.260674154
Temecula,California,"114,742",14.70%,64.90%,"$87,115.00",9.00%,34.9,6.80%,0.261134761
Sugar Land,Texas,"118,600",10.00%,63.40%,"$108,994.00",9.90%,30.5,6.00%,0.262356346
Waltham,Massachusetts,"62,962",3.90%,69.80%,"$83,249.00",4.40%,25.2,9.80%,0.26280647
Rancho Cordova,California,"74,585",15.10%,67.20%,"$57,965.00",11.60%,25.6,14.90%,0.263986697
Greeley,Colorado,"107,348",15.50%,63.80%,"$52,887.00",10.60%,22.9,17.50%,0.264306093
Poway,California,"49,704",4.00%,64.10%,"$102,338.00",5.50%,25.1,6.70%,0.268382562
Encinitas,California,"62,904",5.70%,65.70%,"$103,842.00",8.40%,25.5,7.60%,0.269189813
San Francisco,California,"883,305",9.70%,70.30%,"$96,265.00",6.40%,32.8,11.70%,0.270267824
Boise City,Idaho,"228,790",9.30%,68.50%,"$54,547.00",11.00%,18.4,14.00%,0.271230172
San Bruno,California,"43,047",4.80%,71.50%,"$94,705.00",8.00%,27.8,5.10%,0.27202292
San Marcos,California,"96,847",15.80%,64.30%,"$70,417.00",13.10%,26.2,12.30%,0.274244329
Yorba Linda,California,"67,787",5.60%,64.40%,"$123,962.00",4.90%,32.9,3.80%,0.274852607
Carrollton,Texas,"136,879",14.90%,73.30%,"$73,218.00",20.10%,25.2,10.10%,0.277743854
Twin Falls,Idaho,"49,764",12.30%,68.40%,"$46,283.00",15.00%,16.2,15.70%,0.278384906
Pacifica,California,"38,759",3.90%,70.00%,"$106,959.00",4.70%,30.7,4.90%,0.279217313
Coeur d'Alene,Idaho,"51,303",16.20%,62.60%,"$47,606.00",15.20%,17.9,15.50%,0.28407683
Minneapolis,Minnesota,"425,403",11.20%,74.10%,"$55,720.00",9.20%,22.9,20.70%,0.287645434
Southaven,Mississippi,"54,944",12.20%,68.60%,"$60,093.00",12.00%,23.2,11.10%,0.288233482
Iowa City,Iowa,"76,290",12.30%,68.40%,"$45,991.00",7.60%,17.1,28.00%,0.294662695
South San Francisco,California,"67,733",6.40%,69.10%,"$92,074.00",6.70%,27.4,7.40%,0.295267229
Fayetteville,Arkansas,"86,751",17.90%,63.40%,"$41,158.00",10.80%,19.5,24.30%,0.296037388
Brea,California,"43,601",11.30%,68.50%,"$90,214.00",6.80%,33.4,7.30%,0.299161154
Camarillo,California,"69,127",6.10%,63.70%,"$92,780.00",6.20%,24.2,6.90%,0.299793309
Santee,California,"58,115",8.80%,66.10%,"$81,430.00",7.10%,26.7,6.80%,0.301492319
Gaithersburg,Maryland,"68,289",14.00%,73.70%,"$85,773.00",12.40%,33.1,9.50%,0.304191425
Dunwoody,Georgia,"49,459",6.90%,70.50%,"$87,252.00",8.30%,26,7.90%,0.305368876
Peachtree Corners,Georgia,"43,509",14.50%,72.30%,"$66,905.00",14.70%,27.5,8.90%,0.31015724
Colorado Springs,Colorado,"472,688",13.20%,64.20%,"$58,158.00",10.00%,21.8,12.80%,0.310336933
Portage,Michigan,"49,216",6.30%,67.40%,"$60,260.00",6.70%,19.4,8.90%,0.312628767
Mankato,Minnesota,"42,610",6.90%,71.60%,"$45,035.00",4.30%,15.5,24.50%,0.312873485
Charleston,South Carolina,"136,208",13.00%,67.20%,"$61,367.00",10.90%,22.1,14.60%,0.314925103
Coral Gables,Florida,"50,999",9.10%,61.30%,"$96,887.00",8.70%,24.3,7.50%,0.315079792
Royal Oak,Michigan,"59,461",3.90%,73.90%,"$74,140.00",5.50%,24.4,7.00%,0.317131644
Beverly,Massachusetts,"42,312",7.10%,67.70%,"$77,893.00",2.80%,27.4,8.30%,0.323144646
Boulder,Colorado,"107,353",9.90%,66.60%,"$64,183.00",5.80%,19.1,21.60%,0.327839763
Methuen,Massachusetts,"50,698",7.10%,72.30%,"$73,492.00",3.50%,28.2,9.40%,0.32824999
Ames,Iowa,"67,154",13.70%,64.10%,"$42,755.00",4.90%,16.4,29.30%,0.331732162
Sparks,Nevada,"104,246",14.50%,67.10%,"$58,120.00",13.70%,21.8,11.10%,0.332517751
Hoover,Alabama,"85,108",5.60%,69.80%,"$81,038.00",7.40%,23.1,6.50%,0.333759563
Longmont,Colorado,"96,577",11.90%,70.30%,"$66,349.00",10.50%,24.2,12.00%,0.334825369
Elmhurst,Illinois,"46,558",5.50%,66.80%,"$104,222.00",4.00%,29.5,3.80%,0.335146552
Manteca,California,"81,592",21.30%,61.90%,"$68,019.00",7.30%,35.5,11.80%,0.336857465
Woburn,Massachusetts,"40,397",3.90%,70.80%,"$83,304.00",2.80%,26.2,6.00%,0.340125639
Plano,Texas,"288,061",10.90%,70.10%,"$88,578.00",12.50%,26.5,7.00%,0.342671408
Oakley,California,"42,129",18.90%,66.80%,"$89,392.00",7.00%,40.9,7.50%,0.343499596
Missouri City,Texas,"74,705",12.30%,70.50%,"$88,896.00",11.40%,30.4,5.60%,0.34515773
Elk Grove,California,"172,886",13.00%,64.40%,"$85,556.00",5.50%,31.1,9.00%,0.345653333
Cedar Rapids,Iowa,"133,174",5.30%,70.60%,"$56,828.00",5.80%,17.6,11.40%,0.353967204
Marysville,Washington,"69,779",16.30%,66.10%,"$72,734.00",9.20%,30.7,9.00%,0.354502613
Somerville,Massachusetts,"81,562",7.80%,77.60%,"$84,722.00",4.00%,31.6,12.40%,0.354876577
Cheyenne,Wyoming,"63,957",7.40%,65.90%,"$60,878.00",10.30%,14,10.70%,0.358869464
Missoula,Montana,"74,428",11.40%,70.80%,"$43,602.00",10.10%,15.8,19.80%,0.359669906
Hoboken,New Jersey,"53,455",6.90%,79.60%,"$127,523.00",4.20%,39.4,10.40%,0.360878333
Grand Forks,North Dakota,"56,948",7.60%,71.20%,"$48,241.00",8.40%,13.1,19.70%,0.362239746
Germantown,Tennessee,"39,099",0.70%,62.60%,"$113,392.00",3.00%,21.8,3.20%,0.363397695
St. George,Utah,"87,178",19.80%,56.80%,"$54,022.00",17.60%,15,15.50%,0.363440024
Hendersonville,Tennessee,"57,576",12.20%,71.10%,"$65,918.00",10.70%,26.3,6.40%,0.364517135
Cedar Falls,Iowa,"41,048",4.60%,71.00%,"$58,855.00",5.10%,13.7,19.40%,0.367802973
Rockville,Maryland,"68,268",11.40%,70.60%,"$100,436.00",8.70%,32,7.20%,0.373001953
Campbell,California,"42,466",4.70%,71.70%,"$108,498.00",7.00%,26.2,7.00%,0.377990401
Charlotte,North Carolina,"872,498",18.60%,71.90%,"$58,202.00",15.60%,25.3,14.90%,0.378447917
Alexandria,Virginia,"160,530",14.70%,76.90%,"$93,370.00",14.70%,31.8,10.50%,0.380757431
Chandler,Arizona,"257,165",8.90%,71.80%,"$77,278.00",8.80%,24,9.10%,0.381559873
Wellington,Florida,"65,200",15.00%,65.30%,"$85,172.00",11.30%,27.7,7.90%,0.386968704
Columbia,Missouri,"123,180",13.00%,67.30%,"$47,236.00",7.50%,16.5,22.90%,0.387301741
Carlsbad,California,"115,877",10.00%,64.20%,"$102,722.00",6.60%,28,6.60%,0.390333215
Lincoln,Nebraska,"287,401",11.10%,71.20%,"$53,089.00",10.00%,18.3,15.10%,0.39122565
San Ramon,California,"75,839",6.20%,69.00%,"$142,718.00",2.90%,37.2,4.20%,0.39128865
Johns Creek,Georgia,"84,310",10.00%,69.40%,"$113,609.00",7.30%,33.3,4.60%,0.393117656
Beavercreek,Ohio,"47,391",4.90%,61.50%,"$88,456.00",4.30%,19.4,5.10%,0.395433443
Durham,North Carolina,"274,291",19.30%,69.50%,"$54,284.00",15.10%,22.5,17.40%,0.402786887
Summerville,South Carolina,"51,692",20.60%,65.20%,"$57,825.00",11.10%,29.3,10.40%,0.402865349
Greenville,South Carolina,"68,563",15.90%,67.40%,"$48,984.00",13.80%,17.5,15.30%,0.40803881
San Mateo,California,"105,025",8.00%,70.60%,"$103,399.00",6.80%,27.8,8.00%,0.409773666
Delaware,Ohio,"39,930",14.90%,68.20%,"$62,154.00",7.10%,28,9.40%,0.410246214
Tigard,Oregon,"54,758",13.60%,69.70%,"$70,120.00",11.00%,24.2,10.40%,0.410879642
Lake Oswego,Oregon,"39,532",7.50%,64.10%,"$93,993.00",4.70%,24.4,5.60%,0.412300934
Goose Creek,South Carolina,"42,841",17.60%,60.90%,"$64,204.00",9.60%,24.6,10.20%,0.412732493
Wauwatosa,Wisconsin,"48,376",4.20%,69.80%,"$74,929.00",3.80%,20.3,7.10%,0.412944936
Loveland,Colorado,"77,446",15.80%,64.50%,"$61,133.00",9.80%,24.3,8.70%,0.413504349
Raleigh,North Carolina,"469,298",16.10%,71.10%,"$61,505.00",13.00%,23.4,14.00%,0.414626739
Palm Beach Gardens,Florida,"56,284",14.60%,58.50%,"$77,864.00",11.10%,21.4,6.20%,0.416615281
Brighton,Colorado,"41,254",21.90%,66.00%,"$67,024.00",14.00%,29.6,10.90%,0.417372217
Tempe,Arizona,"192,364",18.90%,69.10%,"$51,829.00",13.00%,20.9,21.30%,0.419068916
Broken Arrow,Oklahoma,"109,171",10.50%,70.40%,"$70,788.00",11.40%,20.7,7.60%,0.426331562
Odessa,Texas,"120,568",20.70%,69.70%,"$61,541.00",22.30%,20.4,11.80%,0.4286748
Moore,Oklahoma,"62,103",12.70%,72.00%,"$62,347.00",11.00%,22.8,9.50%,0.42886405
Sandy,Utah,"96,901",7.70%,69.30%,"$87,012.00",8.50%,22.3,5.60%,0.433324778
Cupertino,California,"60,170",2.70%,61.90%,"$153,449.00",2.50%,28.1,4.70%,0.434192903
Auburn,Alabama,"65,738",23.00%,57.60%,"$42,600.00",6.60%,19.7,29.40%,0.434582609
Shawnee,Kansas,"65,845",5.80%,73.40%,"$81,964.00",7.30%,21.3,6.90%,0.450376126
Thornton,Colorado,"139,436",17.40%,73.70%,"$73,517.00",12.80%,30.2,8.50%,0.452744136
Pasco,Washington,"74,778",20.30%,68.70%,"$59,969.00",16.30%,21.6,16.50%,0.455505662
Washington,District of Columbia,"702,455",16.70%,68.90%,"$77,649.00",5.20%,30,17.40%,0.457582693
Madison,Wisconsin,"258,054",10.70%,72.10%,"$59,387.00",5.80%,19.4,18.30%,0.459657067
Concord,North Carolina,"94,130",18.70%,70.10%,"$60,238.00",11.00%,27.4,11.90%,0.459724209
Lacey,Washington,"50,718",19.10%,58.80%,"$64,631.00",7.30%,26,9.80%,0.461800385
Novi,Michigan,"60,951",10.40%,68.10%,"$88,667.00",5.90%,26.9,5.70%,0.464981542
Lee's Summit,Missouri,"98,461",7.80%,70.30%,"$83,601.00",5.20%,24.5,5.50%,0.466325797
Newark,California,"48,198",13.20%,66.00%,"$96,817.00",6.20%,30.2,6.30%,0.468295428
Sandy Springs,Georgia,"108,797",16.00%,73.50%,"$70,920.00",13.10%,25.5,11.20%,0.469193489
College Station,Texas,"116,218",23.30%,59.90%,"$39,430.00",9.60%,15.7,31.80%,0.469268574
Eagan,Minnesota,"66,527",3.70%,77.20%,"$84,756.00",3.80%,23.9,6.60%,0.473712925
Denver,Colorado,"716,492",19.50%,71.00%,"$60,098.00",12.80%,25.3,15.10%,0.47425094
Moorhead,Minnesota,"43,349",9.90%,70.10%,"$56,516.00",6.40%,16.4,15.90%,0.476046097
Lake Forest,California,"85,623",10.60%,71.30%,"$96,963.00",9.40%,26,7.40%,0.476647572
West Jordan,Utah,"116,046",12.00%,74.30%,"$72,083.00",11.00%,24,7.50%,0.477575345
Brentwood,California,"63,800",23.60%,62.80%,"$96,945.00",4.00%,43.9,7.70%,0.479532415
Royal Palm Beach,Florida,"40,018",17.00%,68.70%,"$73,296.00",11.20%,27.7,6.50%,0.483912082
Rowlett,Texas,"66,285",17.90%,72.50%,"$90,391.00",13.70%,31.7,6.70%,0.485912871
Arvada,Colorado,"120,492",12.90%,70.20%,"$75,640.00",6.80%,27.3,6.90%,0.486208863
Newton,Massachusetts,"88,904",4.50%,65.80%,"$133,853.00",2.00%,28.4,4.30%,0.487924629
Austin,Texas,"964,254",20.20%,73.30%,"$63,717.00",16.50%,24.1,15.40%,0.48801517
Folsom,California,"79,022",9.50%,60.60%,"$106,718.00",3.10%,25.7,5.00%,0.498553901
Danville,California,"44,650",6.70%,62.60%,"$152,798.00",2.40%,32.3,3.30%,0.499924511
Boca Raton,Florida,"99,244",17.60%,60.20%,"$76,218.00",11.90%,21.4,8.40%,0.501515294
Pleasant Grove,Utah,"38,428",14.50%,70.00%,"$66,881.00",10.50%,21.4,11.90%,0.502781341
Gilroy,California,"58,756",20.20%,70.60%,"$86,742.00",9.30%,34.2,11.90%,0.507113609
Fremont,California,"237,807",11.10%,66.70%,"$122,191.00",3.70%,33.6,4.90%,0.507490889
Jupiter,Florida,"65,524",18.50%,63.90%,"$79,731.00",14.20%,23.2,8.20%,0.508719693
Eastvale,California,"64,822",20.70%,69.70%,"$110,685.00",7.60%,42.1,7.20%,0.510422222
St. Charles,Missouri,"399,182",10.70%,70.90%,"$78,380.00",6.20%,25.5,5.30%,0.51070262
St. Peters,Missouri,"57,127",8.70%,73.00%,"$73,604.00",5.50%,24.2,4.20%,0.515806285
Livermore,California,"90,269",10.90%,70.40%,"$109,084.00",5.00%,31.6,4.80%,0.523755962
Littleton,Colorado,"48,007",15.30%,69.60%,"$71,315.00",9.30%,25.2,7.50%,0.529403661
Palo Alto,California,"66,666",3.50%,63.80%,"$147,537.00",3.50%,24.2,6.00%,0.530104362
Apopka,Florida,"53,489",26.90%,67.40%,"$59,869.00",15.50%,30.6,10.60%,0.532420988
Rockwall,Texas,"45,112",20.10%,67.50%,"$92,665.00",11.10%,32.7,6.50%,0.536366022
Indian Trail,North Carolina,"39,619",18.00%,73.10%,"$76,438.00",9.70%,30.9,8.40%,0.539989724
Edmond,Oklahoma,"93,127",14.80%,66.70%,"$76,008.00",8.70%,22.3,10.20%,0.542358036
Redwood City,California,"86,200",12.20%,71.10%,"$99,026.00",8.70%,25.3,9.20%,0.556187369
Minnetonka,Minnesota,"53,953",8.50%,68.90%,"$86,672.00",4.10%,22.7,5.00%,0.563812018
Richardson,Texas,"120,981",21.90%,67.70%,"$76,719.00",16.30%,24.8,10.20%,0.564611711
Roseville,California,"139,117",16.80%,63.60%,"$81,119.00",6.60%,25.8,8.90%,0.564771771
Conroe,Texas,"87,654",34.30%,65.20%,"$54,258.00",23.40%,28.4,13.40%,0.56589308
Layton,Utah,"77,303",14.50%,69.80%,"$71,883.00",9.20%,22.7,7.40%,0.575051702
Fort Collins,Colorado,"167,830",15.90%,69.90%,"$60,110.00",7.70%,19.6,17.00%,0.579929215
Clovis,California,"112,022",16.90%,65.10%,"$68,682.00",7.70%,21.3,12.70%,0.582097692
St. Louis Park,Minnesota,"49,039",8.50%,76.70%,"$71,346.00",6.10%,21.3,7.10%,0.585981285
Henderson,Nevada,"310,390",20.70%,62.30%,"$66,939.00",10.50%,23.2,9.10%,0.589728477
Centennial,Colorado,"110,831",10.10%,69.80%,"$100,770.00",5.50%,25.8,4.30%,0.592319342
Kirkland,Washington,"89,557",11.10%,70.90%,"$104,319.00",5.40%,27.5,6.50%,0.595015609
Coppell,Texas,"41,818",8.20%,73.60%,"$119,936.00",8.20%,25.4,4.20%,0.614064541
Cambridge,Massachusetts,"118,977",13.10%,69.40%,"$89,145.00",2.60%,25.5,13.50%,0.615745627
Apple Valley,Minnesota,"54,121",10.20%,74.60%,"$85,181.00",5.00%,24.9,6.50%,0.61644252
O'Fallon,Missouri,"88,472",11.30%,74.10%,"$84,580.00",5.50%,26.5,4.30%,0.617740386
Bothell,Washington,"46,657",17.00%,69.60%,"$89,477.00",6.70%,30.5,5.90%,0.620087783
Aliso Viejo,California,"51,783",7.70%,76.30%,"$106,353.00",5.50%,26.3,4.60%,0.620584681
Spanish Fork,Utah,"39,961",15.00%,67.20%,"$70,780.00",7.90%,21.3,6.80%,0.622267164
Rochester,Minnesota,"116,961",9.50%,71.20%,"$68,574.00",5.70%,16.2,10.40%,0.622838517
Plainfield,Illinois,"44,138",10.70%,76.90%,"$121,746.00",3.20%,36.5,2.50%,0.626791757
Scottsdale,Arizona,"255,310",17.40%,62.50%,"$80,306.00",7.80%,22.1,8.90%,0.631243611
Westerville,Ohio,"40,387",11.30%,68.10%,"$86,466.00",5.20%,21.5,6.80%,0.634594488
Edina,Minnesota,"52,490",9.40%,63.50%,"$96,477.00",2.90%,20.8,4.70%,0.63471714
Alpharetta,Georgia,"66,255",15.50%,69.90%,"$98,489.00",8.00%,27.7,7.00%,0.636978666
Rogers,Arkansas,"67,600",20.70%,68.60%,"$54,172.00",15.90%,16.4,12.40%,0.638534201
Morgan Hill,California,"45,135",19.10%,67.40%,"$107,161.00",5.90%,34.6,6.60%,0.644445785
Olathe,Kansas,"139,605",10.90%,75.10%,"$82,649.00",9.10%,20.8,6.10%,0.646852571
Overland Park,Kansas,"192,536",11.10%,71.30%,"$78,217.00",6.50%,20.4,5.80%,0.651451053
Eden Prairie,Minnesota,"64,334",5.80%,73.50%,"$103,426.00",2.50%,22.7,5.20%,0.654390245
Wylie,Texas,"51,585",23.80%,74.20%,"$88,450.00",14.20%,33.9,6.40%,0.656602401
Minot,North Dakota,"47,370",15.30%,71.40%,"$63,133.00",9.90%,18.6,9.40%,0.65775327
Goodyear,Arizona,"82,835",26.90%,57.70%,"$77,930.00",9.90%,29,8.70%,0.658962447
Sunnyvale,California,"153,185",9.40%,70.10%,"$118,314.00",5.40%,24.4,6.60%,0.661527763
Santa Clara,California,"129,488",11.20%,68.50%,"$108,609.00",5.30%,23.6,7.70%,0.668151329
Hillsboro,Oregon,"108,389",17.50%,71.10%,"$75,599.00",9.00%,23.4,10.80%,0.670010446
Grapevine,Texas,"53,976",16.50%,76.30%,"$83,675.00",13.20%,23.6,8.10%,0.676000615
Collierville,Tennessee,"50,616",11.00%,67.60%,"$113,957.00",4.20%,25.4,4.70%,0.686631457
Smyrna,Tennessee,"50,775",25.70%,72.50%,"$58,302.00",11.30%,29.2,11.80%,0.695933245
Richland,Washington,"57,303",19.10%,64.10%,"$71,025.00",8.80%,19.5,9.90%,0.709830089
Grove City,Ohio,"41,625",16.90%,69.10%,"$68,907.00",5.80%,23.3,6.40%,0.721820722
Rocklin,California,"67,221",17.70%,67.50%,"$91,995.00",6.50%,26.2,7.00%,0.72670844
The Colony,Texas,"43,402",19.50%,78.60%,"$76,613.00",10.70%,29.4,6.30%,0.727080008
Blaine,Minnesota,"65,212",14.00%,74.20%,"$80,423.00",3.90%,26.4,5.50%,0.729574822
Bellevue,Washington,"147,599",15.40%,66.30%,"$105,402.00",7.10%,23.4,7.40%,0.734953965
Shakopee,Minnesota,"41,362",11.60%,77.30%,"$84,400.00",5.40%,23.3,6.40%,0.742680137
San Marcos,Texas,"63,509",40.70%,66.40%,"$34,748.00",19.10%,22.1,34.70%,0.753887479
Marion,Iowa,"39,979",13.70%,71.70%,"$69,882.00",5.20%,19.5,7.20%,0.75683064
Plymouth,Minnesota,"79,450",12.60%,72.00%,"$91,867.00",4.00%,23.5,5.20%,0.769373369
Gilbert,Arizona,"248,279",19.10%,70.80%,"$87,566.00",6.90%,27.7,5.90%,0.777416554
Draper,Utah,"48,319",14.30%,67.60%,"$110,270.00",6.70%,23.2,5.30%,0.778551083
Pleasanton,California,"82,372",17.20%,65.90%,"$138,269.00",3.20%,34.2,4.30%,0.795452884
Lenexa,Kansas,"55,294",14.70%,73.20%,"$81,173.00",8.30%,20.1,5.40%,0.795995417
Winter Garden,Florida,"45,266",30.20%,68.00%,"$66,349.00",14.20%,28,10.10%,0.800634848
Beaumont,California,"49,241",33.60%,60.20%,"$71,664.00",8.20%,33.5,11.80%,0.808248555
Riverton,Utah,"44,419",14.40%,73.70%,"$92,154.00",6.20%,23.9,4.20%,0.810836716
Ocoee,Florida,"47,720",33.60%,69.70%,"$66,035.00",17.50%,29,12.40%,0.814956369
Oviedo,Florida,"41,557",24.20%,68.10%,"$84,916.00",8.40%,29.1,7.00%,0.820462438
Seattle,Washington,"744,955",22.40%,72.70%,"$79,565.00",6.70%,27.5,12.50%,0.82620664
Commerce City,Colorado,"58,449",27.30%,72.20%,"$69,268.00",10.10%,29.1,12.20%,0.827486908
Mountain View,California,"83,377",12.70%,74.00%,"$120,351.00",7.20%,23,7.90%,0.83270549
Sioux Falls,South Dakota,"181,883",18.10%,74.40%,"$56,714.00",8.80%,16.9,11.10%,0.834785061
Fargo,North Dakota,"124,844",18.20%,74.80%,"$50,561.00",8.50%,15,13.90%,0.841458994
Noblesville,Indiana,"63,133",20.90%,74.20%,"$74,681.00",8.30%,26.1,6.50%,0.842033502
Burleson,Texas,"47,282",28.10%,69.30%,"$74,341.00",11.50%,30,6.30%,0.842819287
Keller,Texas,"47,350",19.50%,67.10%,"$126,013.00",7.30%,30.3,3.30%,0.855123685
Schertz,Texas,"41,057",29.10%,62.90%,"$80,112.00",10.50%,28.1,6.80%,0.867939585
Urbandale,Iowa,"43,949",11.40%,75.20%,"$85,432.00",4.50%,18.2,5.70%,0.869937953
Madison,Alabama,"50,440",16.80%,67.90%,"$92,197.00",7.10%,19.4,6.40%,0.871228103
Murfreesboro,Tennessee,"141,344",29.60%,70.80%,"$57,753.00",10.90%,25.7,15.00%,0.872541842
Midland,Texas,"142,344",28.00%,70.10%,"$75,646.00",21.20%,18.8,8.70%,0.875238699
Doral,Florida,"61,824",35.30%,68.10%,"$76,184.00",19.80%,27.3,12.80%,0.877338546
St. Cloud,Florida,"54,115",43.10%,60.30%,"$53,544.00",15.20%,32.6,14.90%,0.887061447
Milpitas,California,"80,430",20.40%,66.10%,"$110,752.00",4.60%,27.1,8.40%,0.894964915
Bismarck,North Dakota,"73,112",19.30%,70.00%,"$61,477.00",8.30%,15.2,9.50%,0.90343655
Milton,Georgia,"39,217",19.40%,68.30%,"$120,595.00",6.40%,28,5.50%,0.904102101
Woodbury,Minnesota,"71,306",15.10%,73.80%,"$103,308.00",3.90%,24.8,3.80%,0.928201796
Sammamish,Washington,"65,733",14.40%,69.20%,"$157,271.00",2.00%,32.5,2.40%,0.930266146
Maple Grove,Minnesota,"71,807",16.70%,73.80%,"$101,859.00",3.00%,26.4,4.20%,0.957029687
Mansfield,Texas,"70,981",25.80%,71.00%,"$94,035.00",8.40%,29.9,5.00%,0.971835111
Huntersville,North Carolina,"57,098",22.10%,73.50%,"$93,731.00",6.90%,27.6,4.70%,0.977897626
Allen,Texas,"103,383",22.70%,73.40%,"$104,132.00",9.10%,27.7,5.10%,0.981230096
Bend,Oregon,"97,590",27.30%,66.90%,"$60,563.00",13.60%,15.3,10.90%,0.987991083
Brentwood,Tennessee,"42,502",14.70%,65.10%,"$151,722.00",3.40%,25.1,2.90%,1.00023603
Broomfield,Colorado,"69,267",24.00%,72.10%,"$85,639.00",5.80%,27.9,5.20%,1.002695464
Carmel,Indiana,"93,510",18.10%,70.40%,"$109,201.00",3.90%,24.2,3.70%,1.025412591
League City,Texas,"106,244",27.10%,71.50%,"$100,996.00",8.10%,30.4,6.20%,1.039429727
Flower Mound,Texas,"77,329",19.60%,72.80%,"$128,426.00",4.30%,29.2,2.70%,1.077564368
West Des Moines,Iowa,"66,641",17.50%,74.70%,"$73,764.00",3.60%,17.2,6.20%,1.077806177
Round Rock,Texas,"128,739",28.70%,74.20%,"$76,295.00",10.50%,25.2,8.20%,1.084131352
Leesburg,Virginia,"53,917",26.50%,77.30%,"$105,844.00",10.10%,30.9,4.90%,1.087295925
Lakeville,Minnesota,"65,877",17.60%,79.40%,"$102,943.00",3.20%,26.1,4.50%,1.087826992
Fishers,Indiana,"93,362",20.70%,76.00%,"$101,469.00",4.30%,27.5,3.30%,1.088479812
Buckeye,Arizona,"74,370",46.20%,53.90%,"$61,469.00",10.40%,31.5,12.90%,1.105523931
Cary,North Carolina,"168,160",23.90%,71.50%,"$97,755.00",7.90%,22.7,5.60%,1.121002174
Marana,Arizona,"47,007",36.00%,60.40%,"$81,041.00",6.40%,29.8,8.20%,1.128398034
Pflugerville,Texas,"64,431",33.20%,73.20%,"$82,145.00",12.20%,27.5,6.80%,1.172794925
Dublin,Ohio,"48,647",17.60%,71.30%,"$128,916.00",1.70%,24.3,2.90%,1.173349613
Bozeman,Montana,"48,532",30.10%,73.30%,"$49,217.00",8.40%,14.6,20.50%,1.183360845
Pearland,Texas,"122,149",31.20%,71.80%,"$102,124.00",6.50%,33.1,3.80%,1.199800826
Franklin,Tennessee,"80,914",29.30%,71.00%,"$92,589.00",8.30%,24.2,7.00%,1.222516106
Irvine,California,"282,572",33.30%,64.10%,"$95,573.00",6.20%,25.1,13.20%,1.223726775
Parker,Colorado,"55,636",22.70%,77.80%,"$105,373.00",3.80%,26.8,4.40%,1.227745157
Redmond,Washington,"67,678",24.20%,71.40%,"$115,300.00",5.00%,22.9,6.00%,1.272894551
Meridian,Idaho,"106,804",38.80%,65.70%,"$64,375.00",10.10%,22.2,9.80%,1.331281321
Mount Pleasant,South Carolina,"89,338",31.70%,69.00%,"$90,454.00",6.80%,22,5.40%,1.383393411
New Braunfels,Texas,"84,612",46.70%,66.50%,"$64,208.00",16.00%,24.3,9.50%,1.433333495
Georgetown,Texas,"74,180",56.20%,48.30%,"$67,753.00",14.20%,27.8,7.40%,1.475239841
Dublin,California,"63,445",37.80%,69.20%,"$138,007.00",3.20%,39,3.60%,1.49247431
Castle Rock,Colorado,"64,827",34.30%,73.90%,"$101,122.00",3.90%,29.1,4.40%,1.508940582
Cedar Park,Texas,"76,999",39.70%,71.90%,"$96,612.00",9.60%,27.4,3.70%,1.562039945
Lehi,Utah,"66,037",38.20%,68.90%,"$85,794.00",5.50%,24.2,5.80%,1.571573925
McKinney,Texas,"191,645",46.10%,70.30%,"$87,608.00",12.20%,29.3,7.00%,1.575379688
Wentzville,Missouri,"41,164",40.20%,72.60%,"$81,809.00",4.90%,28.9,5.60%,1.583937465
Westfield,Indiana,"41,528",37.80%,74.80%,"$89,144.00",7.30%,23.8,6.70%,1.624047267
Spring Hill,Tennessee,"41,464",42.40%,73.20%,"$86,538.00",3.50%,32.3,3.10%,1.673021093
Wake Forest,North Carolina,"44,046",46.30%,69.40%,"$85,155.00",4.10%,29.1,6.20%,1.778593883
Apex,North Carolina,"53,852",43.10%,75.40%,"$100,305.00",5.20%,24.9,5.00%,1.924891503
Bentonville,Arkansas,"51,111",44.70%,69.70%,"$79,259.00",7.60%,16.2,7.30%,1.933715202
Ankeny,Iowa,"65,284",43.10%,78.70%,"$79,536.00",4.30%,21.3,6.30%,1.988926818
South Jordan,Utah,"74,149",46.90%,71.00%,"$99,856.00",5.30%,24.8,2.90%,2.014957369
Queen Creek,Arizona,"42,503",61.50%,67.00%,"$92,917.00",4.60%,33.1,7.90%,2.196228721
Kyle,Texas,"46,874",65.90%,73.10%,"$72,822.00",10.80%,34.3,6.50%,2.197704
Frisco,Texas,"188,170",60.60%,72.80%,"$120,701.00",6.80%,30.1,3.90%,2.454677991
Little Elm,Texas,"50,314",94.20%,76.80%,"$93,094.00",15.60%,35.1,6.80%,3.247656518
Leander,Texas,"56,111",105.80%,75.90%,"$89,649.00",10.50%,30.4,4.20%,3.930241241
Herriman,Utah,"44,877",106.20%,74.90%,"$94,837.00",6.80%,28,2.80%,4.125790295
Torrance,California,"145,182",Z,63.80%,"$85,070.00",7.50%,28.4,7.20%,N/A
South Gate,California,"94,443",Z,64.50%,"$47,281.00",22.40%,31.8,19.30%,N/A
Kenner,Louisiana,"66,657",Z,64.70%,"$53,336.00",19.80%,24.1,16.00%,N/A
Delano,California,"53,014",Z,50.70%,"$38,708.00",14.40%,18.5,24.40%,N/A
Romeoville,Illinois,"39,624",Z,69.80%,"$73,033.00",9.60%,31.7,6.70%,N/A